Date,Name,Year,Letterboxd URI
2019-03-26,Dragged Across Concrete,2018,https://boxd.it/fAly
2019-03-26,Her,2013,https://boxd.it/4O24
2019-03-26,Climax,2018,https://boxd.it/ikvo
2019-03-26,Kill Bill: Vol. 1,2003,https://boxd.it/70w
2019-03-26,Good Time,2017,https://boxd.it/fcFu
2019-03-26,Django Unchained,2012,https://boxd.it/2cCk
2019-03-26,Inglourious Basterds,2009,https://boxd.it/1JzG
2019-03-26,Pulp Fiction,1994,https://boxd.it/29Pq
2019-03-26,The Hateful Eight,2015,https://boxd.it/8gw8
2019-03-26,Reservoir Dogs,1992,https://boxd.it/2agc
2019-03-26,Kill Bill: Vol. 2,2004,https://boxd.it/2au4
2019-03-26,Grindhouse,2007,https://boxd.it/8RwY
2019-03-26,From Dusk Till Dawn,1996,https://boxd.it/29HQ
2019-03-26,Full Metal Jacket,1987,https://boxd.it/2a1Q
2019-03-26,2001: A Space Odyssey,1968,https://boxd.it/2bf0
2019-03-26,A Clockwork Orange,1971,https://boxd.it/2aVE
2019-03-26,Dr. Strangelove or: How I Learned to Stop Worrying and Love the Bomb,1964,https://boxd.it/29eY
2019-03-26,Crank,2006,https://boxd.it/27MY
2019-03-26,Crank: High Voltage,2009,https://boxd.it/1MPs
2019-03-26,Oldboy,2003,https://boxd.it/29R2
2019-03-26,The Handmaiden,2016,https://boxd.it/948A
2019-03-26,Audition,1999,https://boxd.it/1UHm
2019-03-26,13 Assassins,2010,https://boxd.it/jqc
2019-03-26,Yakuza Apocalypse,2015,https://boxd.it/8Kd6
2019-03-26,Snowpiercer,2013,https://boxd.it/3Icg
2019-03-26,The Host,2006,https://boxd.it/28ZY
2019-03-26,Okja,2017,https://boxd.it/dvXe
2019-03-26,Memories of Murder,2003,https://boxd.it/1TSo
2019-03-26,Mother,2009,https://boxd.it/1m9g
2019-03-26,House,1977,https://boxd.it/1vsm
2019-03-26,Annihilation,2018,https://boxd.it/9yzm
2019-03-26,Eraserhead,1977,https://boxd.it/299u
2019-03-26,Under the Skin,2013,https://boxd.it/3mDa
2019-03-26,The Killing of a Sacred Deer,2017,https://boxd.it/dZ5G
2019-03-26,The Lobster,2015,https://boxd.it/7tnw
2019-03-26,The Favourite,2018,https://boxd.it/d2hI
2019-03-26,Enter the Void,2009,https://boxd.it/1dy2
2019-03-26,[REC],2007,https://boxd.it/20ma
2019-03-26,[REC]²,2009,https://boxd.it/1VH8
2019-03-26,Suspiria,1977,https://boxd.it/1SNW
2019-03-26,Mad Max: Fury Road,2015,https://boxd.it/2DjO
2019-03-26,Lost in Translation,2003,https://boxd.it/2b0E
2019-03-26,Akira,1988,https://boxd.it/2b1i
2019-03-26,Star Wars,1977,https://boxd.it/72s
2019-03-26,Free Fire,2016,https://boxd.it/b2Ig
2019-03-26,Get Out,2017,https://boxd.it/eOCm
2019-03-26,Jodorowsky's Dune,2013,https://boxd.it/5MP6
2019-03-26,Sing Street,2016,https://boxd.it/cOo6
2019-03-26,The Truman Show,1998,https://boxd.it/18U8
2019-03-26,Manhattan,1979,https://boxd.it/29Na
2019-03-26,Whiplash,2014,https://boxd.it/7bQA
2019-03-26,Army of Darkness,1992,https://boxd.it/29G4
2019-03-26,The Fate of the Furious,2017,https://boxd.it/bbCw
2019-03-27,Blow Out,1981,https://boxd.it/1TlE
2019-03-27,Carrie,1976,https://boxd.it/20ZQ
2019-03-27,Scarface,1983,https://boxd.it/2b7g
2019-03-27,The Untouchables,1987,https://boxd.it/2b6i
2019-03-27,Rear Window,1954,https://boxd.it/2a6Q
2019-03-27,Us,2019,https://boxd.it/gnV6
2019-03-27,"Three Billboards Outside Ebbing, Missouri",2017,https://boxd.it/ceBS
2019-03-27,The Social Network,2010,https://boxd.it/17ue
2019-03-27,No Country for Old Men,2007,https://boxd.it/21ew
2019-03-27,The Florida Project,2017,https://boxd.it/dMG0
2019-03-27,X-Men: First Class,2011,https://boxd.it/FOA
2019-03-27,The Cabin in the Woods,2011,https://boxd.it/1zOc
2019-03-27,Spider-Man: Into the Spider-Verse,2018,https://boxd.it/azpY
2019-03-27,Serenity,2019,https://boxd.it/g9sk
2019-03-27,Robin Hood,2018,https://boxd.it/d3bc
2019-03-27,Black Panther,2018,https://boxd.it/8MHs
2019-03-27,Avengers: Infinity War,2018,https://boxd.it/9vEe
2019-03-27,Thor: Ragnarok,2017,https://boxd.it/8MHi
2019-03-27,Guardians of the Galaxy Vol. 2,2017,https://boxd.it/8MxC
2019-03-27,Guardians of the Galaxy,2014,https://boxd.it/3VH2
2019-03-27,Venom,2018,https://boxd.it/b8wA
2019-03-27,Martyrs,2008,https://boxd.it/1Yqu
2019-03-27,Tucker and Dale vs. Evil,2010,https://boxd.it/Mce
2019-03-28,Shame,2011,https://boxd.it/2CxU
2019-03-28,Primer,2004,https://boxd.it/6YA
2019-03-28,The Skin I Live In,2011,https://boxd.it/99A
2019-03-28,Black Dynamite,2009,https://boxd.it/1wX6
2019-03-28,Phantom Thread,2017,https://boxd.it/e4uc
2019-03-28,The Master,2012,https://boxd.it/2cBG
2019-03-28,Nocturnal Animals,2016,https://boxd.it/bkFu
2019-03-28,Arrival,2016,https://boxd.it/aNGk
2019-03-28,Enemy,2013,https://boxd.it/5xtO
2019-03-28,Blue Valentine,2010,https://boxd.it/MxG
2019-03-28,"Synecdoche, New York",2008,https://boxd.it/23zw
2019-03-28,Drive,2011,https://boxd.it/IG
2019-03-28,Anomalisa,2015,https://boxd.it/97TE
2019-03-28,Upstream Color,2013,https://boxd.it/4Cwc
2019-03-28,Seven Samurai,1954,https://boxd.it/2axi
2019-03-28,12 Angry Men,1957,https://boxd.it/2auI
2019-03-30,Burning,2018,https://boxd.it/hHUa
2019-03-30,Psycho,1960,https://boxd.it/2ab2
2019-03-30,Solo: A Star Wars Story,2018,https://boxd.it/bGWs
2019-03-31,Sorry to Bother You,2018,https://boxd.it/f21E
2019-03-31,Mayhem,2017,https://boxd.it/fesW
2019-03-31,Spider-Man 2,2004,https://boxd.it/2a88
2019-03-31,Spider-Man,2002,https://boxd.it/2a8i
2019-03-31,Spider-Man 3,2007,https://boxd.it/2a7Y
2019-03-31,Spider-Man: Homecoming,2017,https://boxd.it/aboM
2019-03-31,Your Name.,2016,https://boxd.it/cUqs
2019-03-31,Wreck-It Ralph,2012,https://boxd.it/2TTS
2019-03-31,Wonder Woman,2017,https://boxd.it/9roG
2019-03-31,Man of Steel,2013,https://boxd.it/FRk
2019-03-31,Batman v Superman: Dawn of Justice,2016,https://boxd.it/6fBW
2019-03-31,Justice League,2017,https://boxd.it/4w68
2019-03-31,Aquaman,2018,https://boxd.it/9ru0
2019-03-31,Dead Silence,2007,https://boxd.it/1OWK
2019-03-31,Insidious,2010,https://boxd.it/H4k
2019-03-31,Furious 7,2015,https://boxd.it/5cVs
2019-03-31,The Conjuring,2013,https://boxd.it/4sr2
2019-03-31,The Conjuring 2,2016,https://boxd.it/7GJg
2019-03-31,Creed,2015,https://boxd.it/a2qk
2019-03-31,Ghost Dog: The Way of the Samurai,1999,https://boxd.it/23Ne
2019-03-31,In the Mood for Love,2000,https://boxd.it/29tE
2019-03-31,The Godfather,1972,https://boxd.it/2aNK
2019-03-31,The Godfather: Part II,1974,https://boxd.it/2aNq
2019-03-31,Spirited Away,2001,https://boxd.it/2b4m
2019-03-31,The Dark Knight,2008,https://boxd.it/2b0k
2019-03-31,The Shawshank Redemption,1994,https://boxd.it/2aHi
2019-03-31,GoodFellas,1990,https://boxd.it/29FA
2019-03-31,The Lord of the Rings: The Return of the King,2003,https://boxd.it/2b5u
2019-03-31,The Silence of the Lambs,1991,https://boxd.it/2aHW
2019-03-31,Alien,1979,https://boxd.it/2awY
2019-03-31,Singin' in the Rain,1952,https://boxd.it/29oY
2019-03-31,The Thing,1982,https://boxd.it/294O
2019-03-31,Grave of the Fireflies,1988,https://boxd.it/1RUM
2019-03-31,The Lord of the Rings: The Fellowship of the Ring,2001,https://boxd.it/2b5O
2019-03-31,It's a Wonderful Life,1946,https://boxd.it/28xA
2019-03-31,Neon Genesis Evangelion: The End of Evangelion,1997,https://boxd.it/1GRM
2019-03-31,Taxi Driver,1976,https://boxd.it/2b8y
2019-03-31,Casablanca,1942,https://boxd.it/2aG0
2019-03-31,The Lion King,1994,https://boxd.it/201Q
2019-03-31,Before Sunrise,1995,https://boxd.it/2bcU
2019-03-31,Fight Club,1999,https://boxd.it/2a9q
2019-03-31,Citizen Kane,1941,https://boxd.it/71O
2019-03-31,8½,1963,https://boxd.it/2aqm
2019-03-31,Se7en,1995,https://boxd.it/29zs
2019-03-31,Back to the Future,1985,https://boxd.it/2b8e
2019-03-31,Raiders of the Lost Ark,1981,https://boxd.it/2bbs
2019-03-31,Yojimbo,1961,https://boxd.it/1SRY
2019-03-31,The Lord of the Rings: The Two Towers,2002,https://boxd.it/2b5E
2019-03-31,Toy Story,1995,https://boxd.it/29qA
2019-03-31,Fargo,1996,https://boxd.it/2aHM
2019-03-31,Coco,2017,https://boxd.it/bYJQ
2019-03-31,Eternal Sunshine of the Spotless Mind,2004,https://boxd.it/6YK
2019-03-31,Children of Men,2006,https://boxd.it/1Y2i
2019-03-31,Rashomon,1950,https://boxd.it/2a9K
2019-03-31,Mommy,2014,https://boxd.it/7Uau
2019-03-31,Paddington 2,2017,https://boxd.it/bCF8
2019-03-31,Terminator 2: Judgment Day,1991,https://boxd.it/2aGY
2019-03-31,Moonlight,2016,https://boxd.it/d6bE
2019-03-31,Call Me by Your Name,2017,https://boxd.it/dYmm
2019-03-31,Saving Private Ryan,1998,https://boxd.it/29ro
2019-03-31,Inception,2010,https://boxd.it/1skk
2019-03-31,The Big Lebowski,1998,https://boxd.it/2b6C
2019-03-31,Short Term 12,2013,https://boxd.it/5f6s
2019-03-31,Heat,1995,https://boxd.it/2bg8
2019-03-31,Blade Runner,1982,https://boxd.it/2bcA
2019-03-31,The Grand Budapest Hotel,2014,https://boxd.it/3ZqO
2019-03-31,Memento,2000,https://boxd.it/2bcK
2019-03-31,Jurassic Park,1993,https://boxd.it/2aA2
2019-03-31,Aliens,1986,https://boxd.it/29PA
2019-03-31,The Hunt,2012,https://boxd.it/3wEC
2019-03-31,Die Hard,1988,https://boxd.it/2a7u
2019-03-31,The Pianist,2002,https://boxd.it/2aqc
2019-03-31,American History X,1998,https://boxd.it/2bdo
2019-03-31,Mulan,1998,https://boxd.it/1VFw
2019-03-31,A Bug's Life,1998,https://boxd.it/1Yyy
2019-03-31,Fear and Loathing in Las Vegas,1998,https://boxd.it/27Xs
2019-03-31,Armageddon,1998,https://boxd.it/2b9Q
2019-03-31,Blade,1998,https://boxd.it/1a8A
2019-03-31,The Prince of Egypt,1998,https://boxd.it/1XGQ
2019-03-31,You've Got Mail,1998,https://boxd.it/1Yye
2019-03-31,Shakespeare in Love,1998,https://boxd.it/27Pe
2019-03-31,Godzilla,1998,https://boxd.it/29fW
2019-03-31,Shaun of the Dead,2004,https://boxd.it/29J8
2019-03-31,Half Nelson,2006,https://boxd.it/20Ng
2019-03-31,BlacKkKlansman,2018,https://boxd.it/hxL8
2019-03-31,Suicide Squad,2016,https://boxd.it/9row
2019-03-31,Fury,2014,https://boxd.it/6JwC
2019-03-31,Bright,2017,https://boxd.it/e1H8
2019-03-31,End of Watch,2012,https://boxd.it/2F5O
2019-03-31,The Wolf of Wall Street,2013,https://boxd.it/3C1m
2019-03-31,Kundun,1997,https://boxd.it/1XUe
2019-03-31,Shutter Island,2010,https://boxd.it/1U82
2019-03-31,Argo,2012,https://boxd.it/2czU
2019-03-31,Ocean's Eleven,2001,https://boxd.it/2aZm
2019-03-31,Magic Mike,2012,https://boxd.it/2HvY
2019-03-31,Magic Mike XXL,2015,https://boxd.it/7TTS
2019-03-31,Drive Angry,2011,https://boxd.it/KZy
2019-03-31,Sicario,2015,https://boxd.it/8i7u
2019-03-31,Blade Runner 2049,2017,https://boxd.it/b8wK
2019-03-31,Prisoners,2013,https://boxd.it/4E5i
2019-03-31,American Psycho,2000,https://boxd.it/28Vs
2019-03-31,Wild at Heart,1990,https://boxd.it/2aii
2019-03-31,Platoon,1986,https://boxd.it/29BS
2019-03-31,Rango,2011,https://boxd.it/QPk
2019-03-31,Mandy,2018,https://boxd.it/gtti
2019-03-31,Dunkirk,2017,https://boxd.it/d0Y6
2019-03-31,Interstellar,2014,https://boxd.it/4VZ8
2019-03-31,Dredd,2012,https://boxd.it/GZE
2019-03-31,Halloween,1978,https://boxd.it/2wRu
2019-03-31,Donnie Darko,2001,https://boxd.it/2b2A
2019-03-31,Ex Machina,2014,https://boxd.it/7T2k
2019-03-31,Birdman or (The Unexpected Virtue of Ignorance),2014,https://boxd.it/5RFA
2019-03-31,Jaws,1975,https://boxd.it/2a5e
2019-03-31,Compliance,2012,https://boxd.it/2XNE
2019-03-31,Alien: Covenant,2017,https://boxd.it/49UY
2019-03-31,Thoroughbreds,2017,https://boxd.it/dVHQ
2019-03-31,The Sweet Hereafter,1997,https://boxd.it/1WNm
2019-03-31,Redline,2009,https://boxd.it/2pQ0
2019-04-01,The Holy Mountain,1973,https://boxd.it/20mu
2019-04-01,The Belko Experiment,2016,https://boxd.it/blCw
2019-04-02,It Follows,2014,https://boxd.it/87wo
2019-04-02,The Witch,2015,https://boxd.it/9X0m
2019-04-02,It,2017,https://boxd.it/bC8e
2019-04-02,10 Cloverfield Lane,2016,https://boxd.it/aZiu
2019-04-02,Don't Breathe,2016,https://boxd.it/9yzw
2019-04-02,Bone Tomahawk,2015,https://boxd.it/9kiw
2019-04-02,The Neon Demon,2016,https://boxd.it/9AnW
2019-04-02,Split,2016,https://boxd.it/dgSy
2019-04-02,It Comes at Night,2017,https://boxd.it/eLuk
2019-04-02,mother!,2017,https://boxd.it/dgRU
2019-04-02,Suspiria,2018,https://boxd.it/cioI
2019-04-02,The Clovehitch Killer,2018,https://boxd.it/jRjM
2019-04-02,Antz,1998,https://boxd.it/1ZB4
2019-04-02,Lost in Space,1998,https://boxd.it/27ji
2019-04-02,"Lock, Stock and Two Smoking Barrels",1998,https://boxd.it/2b92
2019-04-02,A Simple Plan,1998,https://boxd.it/1WMo
2019-04-02,What We Do in the Shadows,2014,https://boxd.it/7eQy
2019-04-02,The Babadook,2014,https://boxd.it/77xu
2019-04-02,Train to Busan,2016,https://boxd.it/dSQU
2019-04-02,World War Z,2013,https://boxd.it/2p2E
2019-04-02,The Cloverfield Paradox,2018,https://boxd.it/doVA
2019-04-02,Hush,2016,https://boxd.it/d5ys
2019-04-02,The Purge: Anarchy,2014,https://boxd.it/71zk
2019-04-02,Overlord,2018,https://boxd.it/fAwm
2019-04-02,Krampus,2015,https://boxd.it/8Wy6
2019-04-02,Unfriended,2014,https://boxd.it/8sXg
2019-04-02,Sinister,2012,https://boxd.it/2TnW
2019-04-02,Evil Dead,2013,https://boxd.it/3GPq
2019-04-02,The Shallows,2016,https://boxd.it/aXgQ
2019-04-02,V/H/S,2012,https://boxd.it/2Y1c
2019-04-02,V/H/S/2,2013,https://boxd.it/4Ysw
2019-04-02,Resident Evil: Afterlife,2010,https://boxd.it/1bVo
2019-04-02,Devil,2010,https://boxd.it/SX6
2019-04-02,Resident Evil: Retribution,2012,https://boxd.it/2qmK
2019-04-02,Fright Night,2011,https://boxd.it/l1S
2019-04-02,Let Me In,2010,https://boxd.it/Zsa
2019-04-02,Tusk,2014,https://boxd.it/7eoa
2019-04-02,The Devil's Candy,2015,https://boxd.it/bWrU
2019-04-02,The Loved Ones,2009,https://boxd.it/NdC
2019-04-02,Madagascar 3: Europe's Most Wanted,2012,https://boxd.it/2NF6
2019-04-02,Rio,2011,https://boxd.it/NKc
2019-04-02,Bao,2018,https://boxd.it/iEl4
2019-04-02,How to Train Your Dragon 2,2014,https://boxd.it/2TRW
2019-04-02,Despicable Me 2,2013,https://boxd.it/3gg0
2019-04-02,The Adventures of Tintin,2011,https://boxd.it/1Irc
2019-04-02,The Good Dinosaur,2015,https://boxd.it/3AD4
2019-04-02,Megamind,2010,https://boxd.it/16Sk
2019-04-02,Sausage Party,2016,https://boxd.it/6CCe
2019-04-02,Despicable Me,2010,https://boxd.it/1DD8
2019-04-02,Tangled,2010,https://boxd.it/15gO
2019-04-02,How to Train Your Dragon,2010,https://boxd.it/1WRy
2019-04-02,Finding Dory,2016,https://boxd.it/4aAA
2019-04-02,Frozen,2013,https://boxd.it/3GNa
2019-04-02,Big Hero 6,2014,https://boxd.it/5rje
2019-04-02,The Lego Movie,2014,https://boxd.it/4pDO
2019-04-02,Toy Story 3,2010,https://boxd.it/1WRe
2019-04-02,Isle of Dogs,2018,https://boxd.it/dZrW
2019-04-02,Zootopia,2016,https://boxd.it/84xS
2019-04-02,Incredibles 2,2018,https://boxd.it/7IPg
2019-04-02,Inside Out,2015,https://boxd.it/4KHC
2019-04-02,Baby Driver,2017,https://boxd.it/bhF2
2019-04-02,Star Wars: The Force Awakens,2015,https://boxd.it/4vru
2019-04-02,Star Wars: The Last Jedi,2017,https://boxd.it/5xme
2019-04-02,Deadpool,2016,https://boxd.it/9fOC
2019-04-02,Avengers: Age of Ultron,2015,https://boxd.it/3qi6
2019-04-02,The Dark Knight Rises,2012,https://boxd.it/H3m
2019-04-02,Captain America: The Winter Soldier,2014,https://boxd.it/3r58
2019-04-02,Doctor Strange,2016,https://boxd.it/8MH8
2019-04-02,Captain America: Civil War,2016,https://boxd.it/89Ja
2019-04-02,Rogue One: A Star Wars Story,2016,https://boxd.it/aPvy
2019-04-02,The Avengers,2012,https://boxd.it/1xFW
2019-04-02,Logan,2017,https://boxd.it/7Piy
2019-04-02,Deadpool 2,2018,https://boxd.it/dlLM
2019-04-02,Scott Pilgrim vs. the World,2010,https://boxd.it/1Aq6
2019-04-02,Ant-Man,2015,https://boxd.it/3vmW
2019-04-02,Kingsman: The Secret Service,2014,https://boxd.it/6dxe
2019-04-02,Jurassic World,2015,https://boxd.it/4n0g
2019-04-02,John Wick,2014,https://boxd.it/7dEc
2019-04-02,Iron Man 3,2013,https://boxd.it/2cBQ
2019-04-02,Captain America: The First Avenger,2011,https://boxd.it/28b0
2019-04-02,Edge of Tomorrow,2014,https://boxd.it/4pD0
2019-04-02,Thor: The Dark World,2013,https://boxd.it/2DqA
2019-04-02,Skyfall,2012,https://boxd.it/17Fc
2019-04-02,Thor,2011,https://boxd.it/1WQU
2019-04-02,X-Men: Days of Future Past,2014,https://boxd.it/4aRw
2019-04-02,Mission: Impossible – Fallout,2018,https://boxd.it/bSVc
2019-04-02,The Hobbit: An Unexpected Journey,2012,https://boxd.it/GZk
2019-04-02,John Wick: Chapter 2,2017,https://boxd.it/ayGu
2019-04-02,The Hunger Games: Catching Fire,2013,https://boxd.it/3sAw
2019-04-02,Pacific Rim,2013,https://boxd.it/2cB2
2019-04-02,Looper,2012,https://boxd.it/ham
2019-04-02,Jumanji: Welcome to the Jungle,2017,https://boxd.it/bUeE
2019-04-02,Dawn of the Planet of the Apes,2014,https://boxd.it/3XyQ
2019-04-02,The World's End,2013,https://boxd.it/3EiO
2019-04-02,The Amazing Spider-Man,2012,https://boxd.it/27PI
2019-04-02,Kong: Skull Island,2017,https://boxd.it/9ewM
2019-04-02,The Hobbit: The Desolation of Smaug,2013,https://boxd.it/nmS
2019-04-02,21 Jump Street,2012,https://boxd.it/J0
2019-04-02,Kick-Ass,2010,https://boxd.it/1zaQ
2019-04-02,Mission: Impossible – Rogue Nation,2015,https://boxd.it/5rI4
2019-04-02,The Hobbit: The Battle of the Five Armies,2014,https://boxd.it/43aU
2019-04-02,This Is the End,2013,https://boxd.it/3GB4
2019-04-02,22 Jump Street,2014,https://boxd.it/5Fvy
2019-04-02,Star Trek Into Darkness,2013,https://boxd.it/uYE
2019-04-02,The Amazing Spider-Man 2,2014,https://boxd.it/3utM
2019-04-02,Captain Phillips,2013,https://boxd.it/3GPK
2019-04-02,Mission: Impossible – Ghost Protocol,2011,https://boxd.it/psI
2019-04-02,The Wolverine,2013,https://boxd.it/2CWU
2019-04-02,American Sniper,2014,https://boxd.it/5LDy
2019-04-02,Star Trek Beyond,2016,https://boxd.it/5Ik4
2019-04-02,Godzilla,2014,https://boxd.it/47OE
2019-04-02,Rise of the Planet of the Apes,2011,https://boxd.it/cS4
2019-04-02,Maleficent,2014,https://boxd.it/3v1u
2019-04-02,Upgrade,2018,https://boxd.it/i4gW
2019-04-02,The Raid,2011,https://boxd.it/3hBy
2019-04-02,Valerian and the City of a Thousand Planets,2017,https://boxd.it/biYY
2019-04-02,Sicario: Day of the Soldado,2018,https://boxd.it/e4fG
2019-04-02,Pacific Rim: Uprising,2018,https://boxd.it/83Qa
2019-04-02,The Guest,2014,https://boxd.it/76RS
2019-04-02,Elysium,2013,https://boxd.it/2cBm
2019-04-02,Rush,2013,https://boxd.it/3lyS
2019-04-02,Fast Five,2011,https://boxd.it/BgO
2019-04-02,Fast & Furious 6,2013,https://boxd.it/2UG6
2019-04-02,The Raid 2,2014,https://boxd.it/5uz0
2019-04-02,Jason Bourne,2016,https://boxd.it/ayYy
2019-04-02,Kung Fury,2015,https://boxd.it/7mSM
2019-04-02,Transformers: The Last Knight,2017,https://boxd.it/b8xo
2019-04-02,Cowboys & Aliens,2011,https://boxd.it/F2G
2019-04-02,The Expendables 2,2012,https://boxd.it/2CPE
2019-04-02,300: Rise of an Empire,2014,https://boxd.it/xaC
2019-04-02,Hardcore Henry,2015,https://boxd.it/aAIM
2019-04-02,Gangster Squad,2013,https://boxd.it/2TVa
2019-04-02,RED,2010,https://boxd.it/13uu
2019-04-02,The Commuter,2018,https://boxd.it/dZ36
2019-04-02,The Expendables,2010,https://boxd.it/1rtA
2019-04-02,The Heat,2013,https://boxd.it/4p9a
2019-04-02,Brawl in Cell Block 99,2017,https://boxd.it/dWOo
2019-04-02,The Other Guys,2010,https://boxd.it/1rtq
2019-04-02,Transformers: Age of Extinction,2014,https://boxd.it/3d1m
2019-04-02,Independence Day: Resurgence,2016,https://boxd.it/JwK
2019-04-02,Transformers: Dark of the Moon,2011,https://boxd.it/16aC
2019-04-02,Sucker Punch,2011,https://boxd.it/1yYg
2019-04-02,Rampage,2018,https://boxd.it/f9a4
2019-04-02,The Incredibles,2004,https://boxd.it/1XLm
2019-04-02,Iron Man,2008,https://boxd.it/28dA
2019-04-02,Batman Begins,2005,https://boxd.it/2aIg
2019-04-02,Avatar,2009,https://boxd.it/1Efm
2019-04-02,Star Trek,2009,https://boxd.it/1Q6c
2019-04-02,Casino Royale,2006,https://boxd.it/1alk
2019-04-02,Gladiator,2000,https://boxd.it/2b9m
2019-04-02,Star Wars: Episode II – Attack of the Clones,2002,https://boxd.it/27V2
2019-04-02,Pirates of the Caribbean: The Curse of the Black Pearl,2003,https://boxd.it/70G
2019-04-02,V for Vendetta,2005,https://boxd.it/29Ik
2019-04-02,Star Wars: Episode III – Revenge of the Sith,2005,https://boxd.it/27US
2019-04-02,Hot Fuzz,2007,https://boxd.it/2416
2019-04-02,The Incredible Hulk,2008,https://boxd.it/28dU
2019-04-02,X-Men,2000,https://boxd.it/1a7s
2019-04-02,"O Brother, Where Art Thou?",2000,https://boxd.it/2b3I
2019-04-02,Sherlock Holmes,2009,https://boxd.it/1W2A
2019-04-02,Cloverfield,2008,https://boxd.it/2192
2019-04-02,X2,2003,https://boxd.it/1a7i
2019-04-02,300,2006,https://boxd.it/28XI
2019-04-02,I Am Legend,2007,https://boxd.it/21DG
2019-04-02,Tropic Thunder,2008,https://boxd.it/20WM
2019-04-02,Night at the Museum,2006,https://boxd.it/28wi
2019-04-02,The Bourne Ultimatum,2007,https://boxd.it/26Eu
2019-04-02,Taken,2008,https://boxd.it/1ZXa
2019-04-02,The Matrix Reloaded,2003,https://boxd.it/2a1c
2019-04-02,X-Men Origins: Wolverine,2009,https://boxd.it/27ug
2019-04-02,Transformers,2007,https://boxd.it/280c
2019-04-02,The Bourne Identity,2002,https://boxd.it/26EO
2019-04-02,Mr. & Mrs. Smith,2005,https://boxd.it/29CG
2019-04-02,Hellboy,2004,https://boxd.it/28HK
2019-04-02,Quantum of Solace,2008,https://boxd.it/1Vs8
2019-04-02,The Matrix Revolutions,2003,https://boxd.it/2a12
2019-04-02,The Bourne Supremacy,2004,https://boxd.it/26EE
2019-04-02,"I, Robot",2004,https://boxd.it/27y8
2019-04-02,Black Hawk Down,2001,https://boxd.it/29rI
2019-04-02,Transformers: Revenge of the Fallen,2009,https://boxd.it/20gG
2019-04-02,2012,2009,https://boxd.it/1OE2
2019-04-02,National Treasure,2004,https://boxd.it/27x0
2019-04-02,Hancock,2008,https://boxd.it/1Zv6
2019-04-02,The Fast and the Furious,2001,https://boxd.it/1XMu
2019-04-02,The Day After Tomorrow,2004,https://boxd.it/2aog
2019-04-02,Zombieland,2009,https://boxd.it/1En6
2019-04-02,28 Days Later,2002,https://boxd.it/2aXU
2019-04-02,The Descent,2005,https://boxd.it/1YNy
2019-04-02,Final Destination,2000,https://boxd.it/1YrC
2019-04-02,Dawn of the Dead,2004,https://boxd.it/29gK
2019-04-02,Drag Me to Hell,2009,https://boxd.it/1Jzw
2019-04-02,Paranormal Activity,2007,https://boxd.it/1yIM
2019-04-02,The Mist,2007,https://boxd.it/22r2
2019-04-02,Funny Games,2007,https://boxd.it/207a
2019-04-02,28 Weeks Later,2007,https://boxd.it/28Bi
2019-04-02,Blade II,2002,https://boxd.it/1agO
2019-04-02,AVP: Alien vs. Predator,2004,https://boxd.it/2atU
2019-04-02,30 Days of Night,2007,https://boxd.it/24dw
2019-04-02,Blade: Trinity,2004,https://boxd.it/1a8q
2019-04-02,The Grudge,2004,https://boxd.it/27Jq
2019-04-02,The Final Destination,2009,https://boxd.it/1EmW
2019-04-02,The Blair Witch Project,1999,https://boxd.it/26ua
2019-04-02,Tremors,1990,https://boxd.it/1YSe
2019-04-02,A Nightmare on Elm Street,1984,https://boxd.it/2aw0
2019-04-02,The Evil Dead,1981,https://boxd.it/29Go
2019-04-02,Evil Dead II,1987,https://boxd.it/29Ge
2019-04-02,Poltergeist,1982,https://boxd.it/2a0o
2019-04-02,Re-Animator,1985,https://boxd.it/28hM
2019-04-02,Altered States,1980,https://boxd.it/1TBi
2019-04-02,From Beyond,1986,https://boxd.it/1NXi
2019-04-02,Society,1989,https://boxd.it/1ARc
2019-04-02,The Matrix,1999,https://boxd.it/2a1m
2019-04-02,Star Wars: Episode I – The Phantom Menace,1999,https://boxd.it/27Vc
2019-04-02,Men in Black,1997,https://boxd.it/2a0I
2019-04-02,Braveheart,1995,https://boxd.it/2aTI
2019-04-02,Independence Day,1996,https://boxd.it/2a1w
2019-04-02,Point Break,1991,https://boxd.it/2958
2019-04-02,Batman & Robin,1997,https://boxd.it/2ar0
2019-04-02,True Romance,1993,https://boxd.it/2aBa
2019-04-02,Face/Off,1997,https://boxd.it/29I0
2019-04-02,Speed,1994,https://boxd.it/28qk
2019-04-02,Starship Troopers,1997,https://boxd.it/2a7k
2019-04-02,The Mummy,1999,https://boxd.it/2a7a
2019-04-02,Die Hard: With a Vengeance,1995,https://boxd.it/28zG
2019-04-02,The Fugitive,1993,https://boxd.it/230G
2019-04-02,Teenage Mutant Ninja Turtles,1990,https://boxd.it/28FY
2019-04-02,Hard Boiled,1992,https://boxd.it/1T6a
2019-04-02,The Crow,1994,https://boxd.it/1Yxq
2019-04-02,The Rock,1996,https://boxd.it/1XM0
2019-04-02,GoldenEye,1995,https://boxd.it/29KU
2019-04-02,Die Hard 2,1990,https://boxd.it/28zw
2019-04-02,Drunken Master II,1994,https://boxd.it/1Si0
2019-04-02,Rumble in the Bronx,1995,https://boxd.it/1fi6
2019-04-02,The Empire Strikes Back,1980,https://boxd.it/27Vw
2019-04-02,Return of the Jedi,1983,https://boxd.it/27Vm
2019-04-02,The Terminator,1984,https://boxd.it/2aQY
2019-04-02,Indiana Jones and the Last Crusade,1989,https://boxd.it/2baO
2019-04-02,Indiana Jones and the Temple of Doom,1984,https://boxd.it/2bb8
2019-04-02,RoboCop,1987,https://boxd.it/22Wu
2019-04-02,Predator,1987,https://boxd.it/2b84
2019-04-02,Lethal Weapon,1987,https://boxd.it/29e0
2019-04-02,The Blues Brothers,1980,https://boxd.it/2adi
2019-04-02,Escape from New York,1981,https://boxd.it/294k
2019-04-02,Mad Max 2,1981,https://boxd.it/1ZPg
2019-04-02,Top Gun,1986,https://boxd.it/29JC
2019-04-02,They Live,1988,https://boxd.it/20lm
2019-04-02,Commando,1985,https://boxd.it/1UTs
2019-04-02,Police Story,1985,https://boxd.it/1Zhe
2019-04-02,Road House,1989,https://boxd.it/1X0g
2019-04-02,Raw,2016,https://boxd.it/dLd2
2019-04-04,Widows,2018,https://boxd.it/e6gc
2019-04-05,The Piano Teacher,2001,https://boxd.it/2886
2019-04-06,Predestination,2014,https://boxd.it/6bJM
2019-04-06,Source Code,2011,https://boxd.it/fdo
2019-04-06,Gattaca,1997,https://boxd.it/29Du
2019-04-06,Click,2006,https://boxd.it/1YVM
2019-04-06,Attack the Block,2011,https://boxd.it/hFO
2019-04-06,Contagion,2011,https://boxd.it/13rq
2019-04-06,Hellboy II: The Golden Army,2008,https://boxd.it/1Ug6
2019-04-06,Mr. Nobody,2009,https://boxd.it/1k44
2019-04-06,Where the Wild Things Are,2009,https://boxd.it/1K0C
2019-04-06,Chronicle,2012,https://boxd.it/2Emk
2019-04-06,TRON: Legacy,2010,https://boxd.it/1Dlo
2019-04-06,The Prestige,2006,https://boxd.it/293w
2019-04-06,The Edge of Seventeen,2016,https://boxd.it/d5nu
2019-04-06,True Grit,2010,https://boxd.it/Sog
2019-04-06,Raising Arizona,1987,https://boxd.it/2avQ
2019-04-06,Miller's Crossing,1990,https://boxd.it/2avG
2019-04-06,Blood Simple,1984,https://boxd.it/1U16
2019-04-06,The Wicker Man,2006,https://boxd.it/1XZS
2019-04-06,National Treasure: Book of Secrets,2007,https://boxd.it/21rq
2019-04-06,Ghost Rider: Spirit of Vengeance,2011,https://boxd.it/2qne
2019-04-06,Knowing,2009,https://boxd.it/1Pmy
2019-04-06,Teen Titans Go! To the Movies,2018,https://boxd.it/h13o
2019-04-06,Madagascar,2005,https://boxd.it/29dc
2019-04-07,Black Swan,2010,https://boxd.it/Sw0
2019-04-07,Hacksaw Ridge,2016,https://boxd.it/azew
2019-04-07,Gone Girl,2014,https://boxd.it/6hQu
2019-04-07,War for the Planet of the Apes,2017,https://boxd.it/8FE2
2019-04-07,Nightcrawler,2014,https://boxd.it/780m
2019-04-07,Hell or High Water,2016,https://boxd.it/bfGM
2019-04-07,Prometheus,2012,https://boxd.it/2s9e
2019-04-07,Zodiac,2007,https://boxd.it/27MO
2019-04-07,The Revenant,2015,https://boxd.it/8H5e
2019-04-07,Blue Ruin,2013,https://boxd.it/5H8G
2019-04-07,Watchmen,2009,https://boxd.it/1QE4
2019-04-07,12 Years a Slave,2013,https://boxd.it/2D2e
2019-04-07,Moonrise Kingdom,2012,https://boxd.it/2Wng
2019-04-07,The Boondock Saints,1999,https://boxd.it/20gw
2019-04-07,Green Room,2015,https://boxd.it/a75m
2019-04-07,Terminator Salvation,2009,https://boxd.it/2abQ
2019-04-07,Hero,2002,https://boxd.it/2bcq
2019-04-07,The Chronicles of Riddick,2004,https://boxd.it/26iy
2019-04-07,Up,2009,https://boxd.it/1OEc
2019-04-07,The Goonies,1985,https://boxd.it/1YVC
2019-04-07,Ghostbusters,1984,https://boxd.it/g2w
2019-04-07,El Topo,1970,https://boxd.it/1QYS
2019-04-07,Groundhog Day,1993,https://boxd.it/2b3e
2019-04-07,La La Land,2016,https://boxd.it/a5fa
2019-04-07,Ferris Bueller's Day Off,1986,https://boxd.it/1YPY
2019-04-07,Ingrid Goes West,2017,https://boxd.it/evUQ
2019-04-07,Back to the Future Part II,1989,https://boxd.it/2aYI
2019-04-07,Hunt for the Wilderpeople,2016,https://boxd.it/cTgG
2019-04-07,Black Mirror: San Junipero,2016,https://boxd.it/k4aS
2019-04-07,Airplane!,1980,https://boxd.it/29yu
2019-04-07,The Room,2003,https://boxd.it/1ICY
2019-04-07,Life of Brian,1979,https://boxd.it/2a4q
2019-04-07,American Beauty,1999,https://boxd.it/71Y
2019-04-07,Office Space,1999,https://boxd.it/28Em
2019-04-07,"South Park: Bigger, Longer & Uncut",1999,https://boxd.it/1YAO
2019-04-07,Friday,1995,https://boxd.it/1VLO
2019-04-07,THX 1138,1971,https://boxd.it/29Ww
2019-04-07,The Way Way Back,2013,https://boxd.it/4Gwq
2019-04-07,Dope,2015,https://boxd.it/9Tho
2019-04-07,Superman,1978,https://boxd.it/27Qm
2019-04-07,Me and Earl and the Dying Girl,2015,https://boxd.it/9SAE
2019-04-07,The Texas Chain Saw Massacre,1974,https://boxd.it/1lcS
2019-04-07,(500) Days of Summer,2009,https://boxd.it/1EmM
2019-04-07,Dazed and Confused,1993,https://boxd.it/1Ylk
2019-04-07,The Place Beyond the Pines,2012,https://boxd.it/3mDu
2019-04-07,Toy Story 2,1999,https://boxd.it/29qq
2019-04-07,Catch Me If You Can,2002,https://boxd.it/29VS
2019-04-07,District 9,2009,https://boxd.it/1Iik
2019-04-07,The Exorcist,1973,https://boxd.it/1Yoo
2019-04-07,Aladdin,1992,https://boxd.it/29yE
2019-04-07,Trainspotting,1996,https://boxd.it/29XY
2019-04-07,The Gift,2015,https://boxd.it/aJMy
2019-04-07,Gods of Egypt,2016,https://boxd.it/6aje
2019-04-07,Space Jam,1996,https://boxd.it/26YO
2019-04-07,Grimsby,2016,https://boxd.it/7ZkO
2019-04-07,Carol,2015,https://boxd.it/7DPK
2019-04-07,Shrek 2,2004,https://boxd.it/29z8
2019-04-07,Locke,2013,https://boxd.it/6hHC
2019-04-07,Adventureland,2009,https://boxd.it/1JTQ
2019-04-07,Lifeforce,1985,https://boxd.it/1SGw
2019-04-07,Sleepaway Camp,1983,https://boxd.it/1PSY
2019-04-07,Slumdog Millionaire,2008,https://boxd.it/1S3E
2019-04-07,The Princess Bride,1987,https://boxd.it/26EY
2019-04-07,Brick,2005,https://boxd.it/1Z6A
2019-04-07,Moon,2009,https://boxd.it/1IGQ
2019-04-07,Killer Joe,2011,https://boxd.it/2vtQ
2019-04-07,Westworld,1973,https://boxd.it/26RS
2019-04-07,The Sixth Sense,1999,https://boxd.it/29Js
2019-04-07,Harry Potter and the Order of the Phoenix,2007,https://boxd.it/29Qe
2019-04-07,Jackass Number Two,2006,https://boxd.it/1SyM
2019-04-07,Mud,2012,https://boxd.it/3wPA
2019-04-07,10 Things I Hate About You,1999,https://boxd.it/23AO
2019-04-07,50/50,2011,https://boxd.it/10Tw
2019-04-07,The Blind Side,2009,https://boxd.it/1zWg
2019-04-07,Alice in Wonderland,2010,https://boxd.it/1Spq
2019-04-07,The Hunger Games,2012,https://boxd.it/2uds
2019-04-07,The Hangover,2009,https://boxd.it/1GjK
2019-04-07,Wedding Crashers,2005,https://boxd.it/1Yte
2019-04-07,Anchorman: The Legend of Ron Burgundy,2004,https://boxd.it/1ZVo
2019-04-07,Forrest Gump,1994,https://boxd.it/728
2019-04-07,Superbad,2007,https://boxd.it/20hO
2019-04-07,Moneyball,2011,https://boxd.it/glS
2019-04-07,"Crazy, Stupid, Love.",2011,https://boxd.it/D9A
2019-04-07,Freaky Friday,2003,https://boxd.it/1WwK
2019-04-07,Harry Potter and the Philosopher's Stone,2001,https://boxd.it/29QS
2019-04-07,American Pie,1999,https://boxd.it/27qy
2019-04-07,Enter the Dragon,1973,https://boxd.it/1YCA
2019-04-07,Hot Tub Time Machine,2010,https://boxd.it/1zIS
2019-04-07,127 Hours,2010,https://boxd.it/SLa
2019-04-07,Austin Powers: The Spy Who Shagged Me,1999,https://boxd.it/29xQ
2019-04-07,Snatch,2000,https://boxd.it/2b7U
2019-04-07,White Chicks,2004,https://boxd.it/1SpK
2019-04-07,Battle Royale,2000,https://boxd.it/25zS
2019-04-07,Band of Brothers,2001,https://boxd.it/aRNY
2019-04-07,The Book of Eli,2010,https://boxd.it/1Dnu
2019-04-07,American Gangster,2007,https://boxd.it/23wi
2019-04-07,Remember the Titans,2000,https://boxd.it/1VLk
2019-04-07,Unstoppable,2010,https://boxd.it/SVO
2019-04-07,2 Guns,2013,https://boxd.it/4oAk
2019-04-07,The Pursuit of Happyness,2006,https://boxd.it/28PE
2019-04-07,Anchorman 2: The Legend Continues,2013,https://boxd.it/3GNk
2019-04-07,Everybody Wants Some!!,2016,https://boxd.it/9mgM
2019-04-07,Black Mirror: USS Callister,2017,https://boxd.it/hQXi
2019-04-07,Black Mirror: White Christmas,2014,https://boxd.it/B3qu
2019-04-07,Black Mirror: Black Museum,2017,https://boxd.it/hRqu
2019-04-07,Black Mirror: Crocodile,2017,https://boxd.it/hRoS
2019-04-07,Black Mirror: Metalhead,2017,https://boxd.it/hRqk
2019-04-07,Black Mirror: Fifteen Million Merits,2011,https://boxd.it/hQYU
2019-04-07,Black Mirror: Be Right Back,2013,https://boxd.it/hRpw
2019-04-07,Black Mirror: Hated in the Nation,2016,https://boxd.it/hSBI
2019-04-07,Black Mirror: White Bear,2013,https://boxd.it/hRpG
2019-04-07,Black Mirror: Nosedive,2016,https://boxd.it/hK9G
2019-04-07,Black Mirror: Arkangel,2017,https://boxd.it/hQXW
2019-04-07,Black Mirror: Hang the DJ,2017,https://boxd.it/hQYA
2019-04-07,Black Mirror: Bandersnatch,2018,https://boxd.it/kTDG
2019-04-07,Black Mirror: Shut Up and Dance,2016,https://boxd.it/hRRq
2019-04-07,Black Mirror: The Entire History of You,2011,https://boxd.it/hQZ4
2019-04-07,Black Mirror: Men Against Fire,2016,https://boxd.it/hSBS
2019-04-07,Black Mirror: The Waldo Moment,2013,https://boxd.it/hRpQ
2019-04-07,Black Mirror: Playtest,2016,https://boxd.it/hRR6
2019-04-07,Black Mirror: The National Anthem,2011,https://boxd.it/hQYK
2019-04-07,Hereditary,2018,https://boxd.it/hNVe
2019-04-07,Shaolin Soccer,2001,https://boxd.it/1T86
2019-04-07,Three,2016,https://boxd.it/cYWW
2019-04-07,Drug War,2012,https://boxd.it/3IcK
2019-04-07,Stretch,2014,https://boxd.it/6Iag
2019-04-07,Kung Fu Hustle,2004,https://boxd.it/1YBi
2019-04-07,Under the Silver Lake,2018,https://boxd.it/dSAs
2019-04-07,Searching,2018,https://boxd.it/hDPg
2019-04-08,Hobo with a Shotgun,2011,https://boxd.it/H5s
2019-04-08,The Breakfast Club,1985,https://boxd.it/27q4
2019-04-08,The Mummy Returns,2001,https://boxd.it/28cs
2019-04-08,The Mummy: Tomb of the Dragon Emperor,2008,https://boxd.it/28ci
2019-04-08,Journey to the Center of the Earth,2008,https://boxd.it/38EI
2019-04-08,Looney Tunes: Back in Action,2003,https://boxd.it/1Vzo
2019-04-08,Bedazzled,2000,https://boxd.it/28qu
2019-04-08,Austin Powers: International Man of Mystery,1997,https://boxd.it/29y0
2019-04-08,Austin Powers in Goldmember,2002,https://boxd.it/29xG
2019-04-08,Beasts of No Nation,2015,https://boxd.it/8Lp8
2019-04-08,The Losers,2010,https://boxd.it/1ddo
2019-04-08,Titanic,1997,https://boxd.it/2a2k
2019-04-08,Romeo + Juliet,1996,https://boxd.it/2ama
2019-04-08,The Great Gatsby,2013,https://boxd.it/JY
2019-04-08,Sin City,2005,https://boxd.it/2aVk
2019-04-08,Spy Kids,2001,https://boxd.it/1Xcw
2019-04-08,Machete,2010,https://boxd.it/1yXW
2019-04-08,Spy Kids 3-D: Game Over,2003,https://boxd.it/1S7w
2019-04-08,G.I. Joe: The Rise of Cobra,2009,https://boxd.it/1Ndu
2019-04-09,The Thin Red Line,1998,https://boxd.it/1ZTM
2019-04-09,The Pink Panther,2006,https://boxd.it/1Sys
2019-04-09,Shoot 'Em Up,2007,https://boxd.it/24LI
2019-04-09,To All the Boys I've Loved Before,2018,https://boxd.it/gHec
2019-04-09,Straight Outta Compton,2015,https://boxd.it/8rMc
2019-04-09,The 40 Year Old Virgin,2005,https://boxd.it/21hK
2019-04-09,Kung Fu Panda,2008,https://boxd.it/1Yws
2019-04-09,Kung Fu Panda 2,2011,https://boxd.it/G36
2019-04-09,The Karate Kid,2010,https://boxd.it/15HA
2019-04-09,Rush Hour 2,2001,https://boxd.it/23ga
2019-04-09,Rush Hour 3,2007,https://boxd.it/23gk
2019-04-09,Shanghai Noon,2000,https://boxd.it/202a
2019-04-09,The Medallion,2003,https://boxd.it/1VPG
2019-04-09,Crazy Rich Asians,2018,https://boxd.it/gfnK
2019-04-09,Horrible Bosses,2011,https://boxd.it/Ba2
2019-04-09,Dinner for Schmucks,2010,https://boxd.it/15dA
2019-04-09,Bruce Almighty,2003,https://boxd.it/2aCC
2019-04-09,Evan Almighty,2007,https://boxd.it/26s4
2019-04-09,Knocked Up,2007,https://boxd.it/23yS
2019-04-09,Funny People,2009,https://boxd.it/1CRy
2019-04-09,I Am Sam,2001,https://boxd.it/1V04
2019-04-09,Savages,2012,https://boxd.it/2Tl2
2019-04-09,World Trade Center,2006,https://boxd.it/2810
2019-04-09,Pearl Harbor,2001,https://boxd.it/29Q4
2019-04-09,Sonatine,1993,https://boxd.it/20TI
2019-04-09,The Shape of Water,2017,https://boxd.it/dZ5m
2019-04-09,Paddington,2014,https://boxd.it/3RKw
2019-04-09,Layer Cake,2004,https://boxd.it/23LC
2019-04-09,Stardust,2007,https://boxd.it/272w
2019-04-09,"The Chronicles of Narnia: The Lion, the Witch and the Wardrobe",2005,https://boxd.it/2ark
2019-04-09,Wanted,2008,https://boxd.it/1ZBS
2019-04-09,Salt,2010,https://boxd.it/1rtK
2019-04-09,Gamer,2009,https://boxd.it/1GQk
2019-04-09,Terminator 3: Rise of the Machines,2003,https://boxd.it/2aES
2019-04-09,Rocky,1976,https://boxd.it/28Uk
2019-04-10,Legend of the Guardians: The Owls of Ga'Hoole,2010,https://boxd.it/ZUy
2019-04-10,The A-Team,2010,https://boxd.it/1dHS
2019-04-10,The Grey,2011,https://boxd.it/2xZE
2019-04-10,Horrible Bosses 2,2014,https://boxd.it/6HWy
2019-04-10,Jack Ryan: Shadow Recruit,2014,https://boxd.it/4pFq
2019-04-10,Celeste & Jesse Forever,2012,https://boxd.it/2XOi
2019-04-10,Ocean's Thirteen,2007,https://boxd.it/2aEy
2019-04-10,Ocean's Twelve,2004,https://boxd.it/2aZ2
2019-04-10,Haywire,2011,https://boxd.it/2tx2
2019-04-10,"sex, lies, and videotape",1989,https://boxd.it/28Oc
2019-04-10,Gravity,2013,https://boxd.it/GZY
2019-04-10,Happy Feet,2006,https://boxd.it/1XH0
2019-04-10,Lady Bird,2017,https://boxd.it/dGNE
2019-04-10,Requiem for a Dream,2000,https://boxd.it/29VI
2019-04-10,The Wrestler,2008,https://boxd.it/1So8
2019-04-10,E.T. the Extra-Terrestrial,1982,https://boxd.it/2a1G
2019-04-10,Close Encounters of the Third Kind,1977,https://boxd.it/29u8
2019-04-10,Hook,1991,https://boxd.it/29nQ
2019-04-10,The Disaster Artist,2017,https://boxd.it/cTqc
2019-04-10,The Green Hornet,2011,https://boxd.it/10TQ
2019-04-10,You're Next,2011,https://boxd.it/2WWK
2019-04-10,Why Don't You Play in Hell?,2013,https://boxd.it/4lnC
2019-04-10,The Fast and the Furious: Tokyo Drift,2006,https://boxd.it/1Yeo
2019-04-10,Cowboy Bebop: The Movie,2001,https://boxd.it/1Uc4
2019-04-10,WALL·E,2008,https://boxd.it/1VEo
2019-04-10,"Monsters, Inc.",2001,https://boxd.it/2a46
2019-04-10,Finding Nemo,2003,https://boxd.it/72i
2019-04-10,Cars,2006,https://boxd.it/29ho
2019-04-10,Boundin',2003,https://boxd.it/1QVO
2019-04-10,Piper,2016,https://boxd.it/dZaG
2019-04-10,Lava,2014,https://boxd.it/8S9G
2019-04-10,Lou,2017,https://boxd.it/fntk
2019-04-10,The Dilemma,2011,https://boxd.it/RE8
2019-04-10,WarGames,1983,https://boxd.it/29qU
2019-04-10,Ratatouille,2007,https://boxd.it/27ww
2019-04-10,Mary Shelley's Frankenstein,1994,https://boxd.it/25T4
2019-04-10,The Martian,2015,https://boxd.it/8SeG
2019-04-10,Panic Room,2002,https://boxd.it/2490
2019-04-10,Fateful Findings,2013,https://boxd.it/5X3C
2019-04-11,Sanjuro,1962,https://boxd.it/1TaQ
2019-04-13,Room,2015,https://boxd.it/7T0y
2019-04-13,Don Jon,2013,https://boxd.it/4sdk
2019-04-13,Top Secret!,1984,https://boxd.it/1ZSE
2019-04-13,Walker,1987,https://boxd.it/1pzc
2019-04-13,Ninja Scroll,1993,https://boxd.it/1Ooe
2019-04-13,Spotlight,2015,https://boxd.it/a84k
2019-04-13,The Overnight,2015,https://boxd.it/9QQq
2019-04-13,The Book of Henry,2017,https://boxd.it/dka6
2019-04-13,The Man with the Iron Fists,2012,https://boxd.it/3mMm
2019-04-14,Green Lantern,2011,https://boxd.it/QN4
2019-04-14,Buried,2010,https://boxd.it/1tXC
2019-04-14,Harry Potter and the Prisoner of Azkaban,2004,https://boxd.it/29Qy
2019-04-14,Harry Potter and the Deathly Hallows: Part 2,2011,https://boxd.it/1RYk
2019-04-14,Harry Potter and the Chamber of Secrets,2002,https://boxd.it/29QI
2019-04-14,Harry Potter and the Goblet of Fire,2005,https://boxd.it/29Qo
2019-04-14,Harry Potter and the Deathly Hallows: Part 1,2010,https://boxd.it/1RYu
2019-04-14,Harry Potter and the Half-Blood Prince,2009,https://boxd.it/29FU
2019-04-14,Guava Island,2019,https://boxd.it/jOF6
2019-04-15,Sisters,1972,https://boxd.it/1AMc
2019-04-15,Basic Instinct,1992,https://boxd.it/2asM
2019-04-16,Hugo,2011,https://boxd.it/R08
2019-04-16,Frank,2014,https://boxd.it/5hII
2019-04-16,The Nice Guys,2016,https://boxd.it/94Hg
2019-04-16,Silver Linings Playbook,2012,https://boxd.it/2TTo
2019-04-16,"Love, Simon",2018,https://boxd.it/g02s
2019-04-16,Charlie and the Chocolate Factory,2005,https://boxd.it/2b68
2019-04-16,In Bruges,2008,https://boxd.it/20n8
2019-04-16,Mean Girls,2004,https://boxd.it/1VNg
2019-04-16,Shrek,2001,https://boxd.it/29zi
2019-04-16,The Devil Wears Prada,2006,https://boxd.it/2awE
2019-04-16,Kiss Kiss Bang Bang,2005,https://boxd.it/23c8
2019-04-16,Zoolander,2001,https://boxd.it/1YMA
2019-04-16,Chicago,2002,https://boxd.it/28zm
2019-04-16,Borat: Cultural Learnings of America for Make Benefit Glorious Nation of Kazakhstan,2006,https://boxd.it/2agQ
2019-04-16,The Simpsons Movie,2007,https://boxd.it/6YU
2019-04-16,Ice Age,2002,https://boxd.it/2apS
2019-04-16,The Emperor's New Groove,2000,https://boxd.it/1Tey
2019-04-16,Shrek the Third,2007,https://boxd.it/29yY
2019-04-16,Chicken Run,2000,https://boxd.it/20Xg
2019-04-16,Cloudy with a Chance of Meatballs,2009,https://boxd.it/1A40
2019-04-16,Enchanted,2007,https://boxd.it/24co
2019-04-16,The Hitchhiker's Guide to the Galaxy,2005,https://boxd.it/20VE
2019-04-16,High School Musical,2006,https://boxd.it/1V0y
2019-04-16,Bee Movie,2007,https://boxd.it/22Vw
2019-04-16,Bolt,2008,https://boxd.it/1QXg
2019-04-16,Yes Man,2008,https://boxd.it/1WPW
2019-04-16,The SpongeBob SquarePants Movie,2004,https://boxd.it/1SYq
2019-04-16,Hairspray,2007,https://boxd.it/261M
2019-04-16,Ice Age: The Meltdown,2006,https://boxd.it/2wRk
2019-04-16,Monster House,2006,https://boxd.it/1Z2e
2019-04-16,Night at the Museum: Battle of the Smithsonian,2009,https://boxd.it/1H7U
2019-04-16,Robots,2005,https://boxd.it/1Xve
2019-04-16,Chicken Little,2005,https://boxd.it/1Xnu
2019-04-16,High School Musical 2,2007,https://boxd.it/1PIu
2019-04-16,Madagascar: Escape 2 Africa,2008,https://boxd.it/1W2K
2019-04-16,Over the Hedge,2006,https://boxd.it/20QY
2019-04-16,She's the Man,2006,https://boxd.it/1Y7W
2019-04-16,Meet the Robinsons,2007,https://boxd.it/28Ym
2019-04-16,Ice Age: Dawn of the Dinosaurs,2009,https://boxd.it/20iC
2019-04-16,High School Musical 3: Senior Year,2008,https://boxd.it/1SR0
2019-04-16,Zathura: A Space Adventure,2005,https://boxd.it/21mq
2019-04-16,Flushed Away,2006,https://boxd.it/1Tpm
2019-04-16,Horton Hears a Who!,2008,https://boxd.it/1SfA
2019-04-16,Brüno,2009,https://boxd.it/1GSA
2019-04-16,Paul Blart: Mall Cop,2009,https://boxd.it/1NQw
2019-04-16,Tenacious D in The Pick of Destiny,2006,https://boxd.it/27go
2019-04-16,American Wedding,2003,https://boxd.it/20r0
2019-04-16,Surf's Up,2007,https://boxd.it/1YKY
2019-04-16,The Pacifier,2005,https://boxd.it/1Xhm
2019-04-16,Home Alone,1990,https://boxd.it/29Fg
2019-04-16,The Iron Giant,1999,https://boxd.it/1Wow
2019-04-16,Back to the Future Part III,1990,https://boxd.it/2aTS
2019-04-16,Dumb and Dumber,1994,https://boxd.it/206m
2019-04-16,Wayne's World,1992,https://boxd.it/1ZHG
2019-04-16,Stuart Little,1999,https://boxd.it/1WZW
2019-04-16,The Last Airbender,2010,https://boxd.it/1WQK
2019-04-16,The Village,2004,https://boxd.it/21iS
2019-04-16,Unbreakable,2000,https://boxd.it/1XV2
2019-04-16,Monty Python and the Holy Grail,1975,https://boxd.it/29GI
2019-04-16,The Boy in the Striped Pyjamas,2008,https://boxd.it/1NOK
2019-04-16,Paul,2011,https://boxd.it/13uE
2019-04-16,Popstar: Never Stop Never Stopping,2016,https://boxd.it/blDa
2019-04-16,Repo Man,1984,https://boxd.it/1Plg
2019-04-16,Doom,2005,https://boxd.it/1ZOW
2019-04-16,American Animals,2018,https://boxd.it/hE4K
2019-04-16,'71,2014,https://boxd.it/7nWK
2019-04-17,Wind River,2017,https://boxd.it/dR3i
2019-04-17,Dead Poets Society,1989,https://boxd.it/2aSg
2019-04-17,Inside Llewyn Davis,2013,https://boxd.it/34Ro
2019-04-17,Teenage Mutant Ninja Turtles,2014,https://boxd.it/3oAs
2019-04-17,Starry Eyes,2014,https://boxd.it/7t3Q
2019-04-18,The Usual Suspects,1995,https://boxd.it/29XE
2019-04-18,Bird Box,2018,https://boxd.it/eh1i
2019-04-18,Clash of the Titans,2010,https://boxd.it/1GfI
2019-04-18,Seven Psychopaths,2012,https://boxd.it/34PW
2019-04-18,Ghost in the Shell,1995,https://boxd.it/1YYc
2019-04-18,Free Willy,1993,https://boxd.it/28qO
2019-04-18,The Crazies,2010,https://boxd.it/1nvW
2019-04-19,Double Down,2005,https://boxd.it/7JOI
2019-04-21,Bridesmaids,2011,https://boxd.it/rac
2019-04-21,Sorcerer,1977,https://boxd.it/14J6
2019-04-21,Legally Blonde,2001,https://boxd.it/1ZNa
2019-04-21,Blindspotting,2018,https://boxd.it/hDMw
2019-04-22,Midnight in Paris,2011,https://boxd.it/i4a
2019-04-23,Alvin and the Chipmunks: The Squeakquel,2009,https://boxd.it/1zgk
2019-04-23,Alvin and the Chipmunks,2007,https://boxd.it/21E0
2019-04-24,The Adventures of Sharkboy and Lavagirl,2005,https://boxd.it/1Ozm
2019-04-25,Coraline,2009,https://boxd.it/1NhQ
2019-04-25,Twilight,2008,https://boxd.it/1Zui
2019-04-25,The Twilight Saga: Eclipse,2010,https://boxd.it/1ytW
2019-04-25,The Twilight Saga: New Moon,2009,https://boxd.it/1Hj2
2019-04-25,The Twilight Saga: Breaking Dawn – Part 2,2012,https://boxd.it/DdC
2019-04-25,The Twilight Saga: Breaking Dawn – Part 1,2011,https://boxd.it/DdM
2019-04-26,Mulholland Drive,2001,https://boxd.it/297o
2019-04-26,The House That Jack Built,2018,https://boxd.it/dWO4
2019-04-27,Punch-Drunk Love,2002,https://boxd.it/20E4
2019-04-27,The Game,1997,https://boxd.it/26vC
2019-04-27,Paranormal Activity 2,2010,https://boxd.it/ZnO
2019-04-27,Paranormal Activity 3,2011,https://boxd.it/2o4O
2019-04-27,Paranormal Activity 4,2012,https://boxd.it/2UGq
2019-04-27,The Jinx: The Life and Deaths of Robert Durst,2015,https://boxd.it/aqAe
2019-04-27,Summer Heights High,2007,https://boxd.it/fTIQ
2019-04-27,The Back-Up Plan,2010,https://boxd.it/1ddS
2019-04-29,Avengers: Endgame,2019,https://boxd.it/9vE4
2019-05-01,Mad Max,1979,https://boxd.it/1Y7i
2019-05-01,Annie Hall,1977,https://boxd.it/29M2
2019-05-01,Six Shooter,2004,https://boxd.it/1wlG
2019-05-02,Iron Man 2,2010,https://boxd.it/1WZM
2019-05-03,Godzilla,1954,https://boxd.it/28kc
2019-05-03,Chef,2014,https://boxd.it/6lCG
2019-05-03,xXx: Return of Xander Cage,2017,https://boxd.it/JqC
2019-05-04,For a Few Dollars More,1965,https://boxd.it/29eu
2019-05-04,Mothra vs. Godzilla,1964,https://boxd.it/28jy
2019-05-05,Scanners,1981,https://boxd.it/1YqE
2019-05-18,Igor,2008,https://boxd.it/1OsA
2019-05-19,John Wick: Chapter 3 – Parabellum,2019,https://boxd.it/gmFw
2019-05-20,Collateral,2004,https://boxd.it/28F0
2019-05-20,The Pink Panther 2,2009,https://boxd.it/1MHy
2019-05-20,Small Soldiers,1998,https://boxd.it/1TzQ
2019-05-21,The Dictator,2012,https://boxd.it/2DEW
2019-05-25,Caché,2005,https://boxd.it/2amY
2019-05-30,Hop,2011,https://boxd.it/DQa
2019-05-31,The Great Wall,2016,https://boxd.it/a04c
2019-06-07,FLCL,2000,https://boxd.it/bWtG
2019-06-07,Kuroko's Basketball the Movie: Last Game,2017,https://boxd.it/fbNs
2019-06-08,Sword of the Stranger,2007,https://boxd.it/1OZE
2019-06-10,Manchester by the Sea,2016,https://boxd.it/b2L0
2019-06-12,An Extremely Goofy Movie,2000,https://boxd.it/1LOo
2019-06-12,Teen Titans: Trouble in Tokyo,2006,https://boxd.it/1Kwo
2019-06-12,The Powerpuff Girls Movie,2002,https://boxd.it/ibg
2019-06-12,Police Story 3: Super Cop,1992,https://boxd.it/1Uyk
2019-06-16,The Departed,2006,https://boxd.it/28MA
2019-06-21,Patrice O'Neal: Elephant in the Room,2011,https://boxd.it/mCU
2019-06-21,Ip Man,2008,https://boxd.it/1NrQ
2019-06-21,Ong Bak: Muay Thai Warrior,2003,https://boxd.it/1YZk
2019-06-21,Bloodsport,1988,https://boxd.it/1Tee
2019-06-21,The Karate Kid,1984,https://boxd.it/27Wk
2019-06-23,Thirst,2009,https://boxd.it/1Aqq
2019-06-25,8 Mile,2002,https://boxd.it/2bew
2019-06-27,Persona,1966,https://boxd.it/29B4
2019-06-28,Going Clear: Scientology and the Prison of Belief,2015,https://boxd.it/ahPO
2019-06-29,Run Lola Run,1998,https://boxd.it/2b8o
2019-06-29,Ichi the Killer,2001,https://boxd.it/1Y1O
2019-06-29,Something Borrowed,2011,https://boxd.it/H3Q
2019-06-30,What Happens in Vegas,2008,https://boxd.it/1Zlq
2019-06-30,Possession,1981,https://boxd.it/1BPm
2019-07-03,17 Again,2009,https://boxd.it/1Jnq
2019-07-03,Bedtime Stories,2008,https://boxd.it/1WPM
2019-07-03,Tooth Fairy,2010,https://boxd.it/1zKE
2019-07-03,Race to Witch Mountain,2009,https://boxd.it/1PiQ
2019-07-03,Planet 51,2009,https://boxd.it/1JA0
2019-07-03,Hercules,2014,https://boxd.it/5B7s
2019-07-03,The Scorpion King,2002,https://boxd.it/1YWA
2019-07-03,A Walk to Remember,2002,https://boxd.it/1WLq
2019-07-03,The Princess Diaries,2001,https://boxd.it/1XCO
2019-07-03,Beauty and the Beast,1991,https://boxd.it/1XhG
2019-07-03,The Little Mermaid,1989,https://boxd.it/1WYO
2019-07-03,The Parent Trap,1998,https://boxd.it/1XJq
2019-07-03,Hannah Montana: The Movie,2009,https://boxd.it/1Hx4
2019-07-04,Catch That Kid,2004,https://boxd.it/1DpK
2019-07-06,A Fistful of Dollars,1964,https://boxd.it/2auo
2019-07-06,Dogtooth,2009,https://boxd.it/158K
2019-07-09,La Haine,1995,https://boxd.it/2as8
2019-07-11,Wendy Wu: Homecoming Warrior,2006,https://boxd.it/d32
2019-07-11,The Cheetah Girls,2003,https://boxd.it/1hkS
2019-07-13,"Salò, or the 120 Days of Sodom",1975,https://boxd.it/237s
2019-07-14,Spider-Man: Far from Home,2019,https://boxd.it/fegG
2019-07-16,Starstruck,2010,https://boxd.it/1cjq
2019-07-17,Super 8,2011,https://boxd.it/dVI
2019-07-17,Eyes Without a Face,1960,https://boxd.it/1j9i
2019-07-19,Dressed to Kill,1980,https://boxd.it/1UO8
2019-07-20,Good Will Hunting,1997,https://boxd.it/2ahY
2019-07-21,Pass Thru,2016,https://boxd.it/cYke
2019-07-23,Slither,2006,https://boxd.it/1Zks
2019-07-27,Phantom of the Paradise,1974,https://boxd.it/1s34
2019-07-29,The Lion King,2019,https://boxd.it/eSjI
2019-07-29,Toy Story 4,2019,https://boxd.it/9ALu
2019-08-03,The Farewell,2019,https://boxd.it/kIky
2019-08-04,Ninja Assassin,2009,https://boxd.it/1zZ0
2019-08-04,The Mechanic,2011,https://boxd.it/1rtg
2019-08-05,Midsommar,2019,https://boxd.it/jhxe
2019-08-10,Heathers,1989,https://boxd.it/26x4
2019-08-11,I Am Here....Now,2009,https://boxd.it/3qjS
2019-08-12,Tickled,2016,https://boxd.it/cWEG
2019-08-13,Scream,1996,https://boxd.it/24EC
2019-08-14,Warrior,2011,https://boxd.it/i3G
2019-08-14,2 Fast 2 Furious,2003,https://boxd.it/2a4g
2019-08-14,Zoom,2006,https://boxd.it/1OKa
2019-08-14,Shutter,2004,https://boxd.it/1JbY
2019-08-14,Paris Is Burning,1990,https://boxd.it/1jzg
2019-08-14,Casper,1995,https://boxd.it/1ZMw
2019-08-16,Once Upon a Time… in Hollywood,2019,https://boxd.it/gH0O
2019-08-19,Paddleton,2019,https://boxd.it/j4YQ
2019-08-23,Godzilla: King of the Monsters,2019,https://boxd.it/cY7Y
2019-08-23,Trick 'r Treat,2007,https://boxd.it/1zvE
2019-08-25,Parasite,2019,https://boxd.it/hTha
2019-08-25,The Gracefield Incident,2017,https://boxd.it/aGu2
2019-08-27,There Will Be Blood,2007,https://boxd.it/20Z2
2019-08-28,Premium Rush,2012,https://boxd.it/FQw
2019-08-29,Twisted Pair,2018,https://boxd.it/hRwW
2019-08-29,Dave Chappelle: Sticks & Stones,2019,https://boxd.it/n8fy
2019-08-29,Dave Chappelle: HBO Comedy Half-Hour,1998,https://boxd.it/1cgc
2019-08-29,Dave Chappelle: For What It's Worth,2004,https://boxd.it/1DYU
2019-08-29,Dave Chappelle: Killin' Them Softly,2000,https://boxd.it/1KrS
2019-08-29,Dave Chappelle's Block Party,2005,https://boxd.it/2aFw
2019-08-29,Dave Chappelle: The Bird Revelation,2017,https://boxd.it/hP9c
2019-08-29,Dave Chappelle: Deep in the Heart of Texas,2017,https://boxd.it/fPi0
2019-08-29,Dave Chappelle: Equanimity,2017,https://boxd.it/hzJy
2019-08-29,Dave Chappelle: The Age of Spin,2017,https://boxd.it/fPiu
2019-08-31,Xenophobia,2019,https://boxd.it/mVJA
2019-08-31,Irreversible,2002,https://boxd.it/29as
2019-09-02,Bridge to Terabithia,2007,https://boxd.it/28YG
2019-09-03,Angels in the Outfield,1994,https://boxd.it/1wYo
2019-09-04,Ballet Mécanique,1924,https://boxd.it/3CAG
2019-09-05,The Wizard of Oz,1939,https://boxd.it/29Xu
2019-09-10,Saturation,2017,https://boxd.it/hLVm
2019-09-10,All-American Trash,2016,https://boxd.it/fdY8
2019-09-10,Billy Star,2017,https://boxd.it/hJZw
2019-09-11,Resident Evil: The Final Chapter,2016,https://boxd.it/5lqS
2019-09-13,Heaven Knows What,2014,https://boxd.it/8P1a
2019-09-14,Pitch Perfect,2012,https://boxd.it/3OsE
2019-09-14,Body Double,1984,https://boxd.it/1TGW
2019-09-15,Godzilla vs. King Ghidorah,1991,https://boxd.it/1a4e
2019-09-16,This Is Where I Leave You,2014,https://boxd.it/73kQ
2019-09-17,Jump In!,2007,https://boxd.it/1P16
2019-09-17,Akeelah and the Bee,2006,https://boxd.it/1PuC
2019-09-22,The Dirties,2013,https://boxd.it/4ZGa
2019-10-01,One Cut of the Dead,2017,https://boxd.it/iAFu
2019-10-02,Onibaba,1964,https://boxd.it/252a
2019-10-03,Our Daily Bread,2005,https://boxd.it/1xqW
2019-10-03,Atanarjuat: The Fast Runner,2001,https://boxd.it/1Qyq
2019-10-03,Fast & Furious Presents: Hobbs & Shaw,2019,https://boxd.it/dnDA
2019-10-03,Night of the Living Dead,1968,https://boxd.it/1WwA
2019-10-04,Don't Look Now,1973,https://boxd.it/29fC
2019-10-05,Dawn of the Dead,1978,https://boxd.it/29gU
2019-10-06,Joker,2019,https://boxd.it/h4cS
2019-10-06,An American Werewolf in London,1981,https://boxd.it/29yk
2019-10-06,I Spit on Your Grave,1978,https://boxd.it/1w96
2019-10-08,Videodrome,1983,https://boxd.it/29uC
2019-10-08,All About My Mother,1999,https://boxd.it/2b9c
2019-10-09,Gremlins,1984,https://boxd.it/29gg
2019-10-09,Day of the Dead,1985,https://boxd.it/20dM
2019-10-10,Manhunter,1986,https://boxd.it/1TOw
2019-10-11,The Fly,1986,https://boxd.it/1YIe
2019-10-13,El Camino: A Breaking Bad Movie,2019,https://boxd.it/kv0q
2019-10-13,Den of Thieves,2018,https://boxd.it/g17e
2019-10-15,Lord of the Flies,1990,https://boxd.it/1Vfe
2019-10-15,August Rush,2007,https://boxd.it/23kQ
2019-10-16,The Vanishing,1988,https://boxd.it/1ZTW
2019-10-19,Benny's Video,1992,https://boxd.it/27Hk
2019-10-20,Who Killed Captain Alex?,2010,https://boxd.it/adJ8
2019-10-20,Visitor Q,2001,https://boxd.it/24DE
2019-10-23,Blade of the Immortal,2017,https://boxd.it/f5Pi
2019-10-24,War,2007,https://boxd.it/1WhA
2019-10-24,Casino,1995,https://boxd.it/2ads
2019-10-25,The Town,2010,https://boxd.it/1zyS
2019-10-25,The Lighthouse,2019,https://boxd.it/icFU
2019-10-26,Training Day,2001,https://boxd.it/27A4
2019-10-27,Headshot,2016,https://boxd.it/ebLk
2019-10-27,The Beach Bum,2019,https://boxd.it/fH4O
2019-10-27,Spring Breakers,2012,https://boxd.it/421s
2019-10-28,Speak,2004,https://boxd.it/1MTO
2019-11-12,Jackie Brown,1997,https://boxd.it/2aVO
2019-11-13,Kingsman: The Golden Circle,2017,https://boxd.it/buJm
2019-11-16,Crows Zero,2007,https://boxd.it/1N4i
2019-11-16,Crows Zero II,2009,https://boxd.it/1vgg
2019-11-21,SPL: Kill Zone,2005,https://boxd.it/1QLO
2019-11-21,SPL 2: A Time for Consequences,2015,https://boxd.it/aSZG
2019-11-21,Louis C.K. 2017,2017,https://boxd.it/g10W
2019-11-21,Louis C.K.: Hilarious,2010,https://boxd.it/PjM
2019-11-21,Louis C.K.: Live at the Beacon Theater,2011,https://boxd.it/2NRQ
2019-11-21,Louis C.K.: Chewed Up,2008,https://boxd.it/1kaG
2019-11-21,Louis C.K.: Live at The Comedy Store,2015,https://boxd.it/aqAo
2019-11-21,Louis C.K.: Oh My God,2013,https://boxd.it/5DaI
2019-11-27,Death Proof,2007,https://boxd.it/27GG
2019-12-03,Assault on Precinct 13,1976,https://boxd.it/1I2c
2019-12-03,Final Destination 3,2006,https://boxd.it/1Z40
2019-12-03,Final Destination 2,2003,https://boxd.it/1YSS
2019-12-11,Indie Game: The Movie,2012,https://boxd.it/2Nju
2019-12-17,Camp Rock,2008,https://boxd.it/1PHw
2019-12-17,Maniac,2018,https://boxd.it/jX9y
2019-12-17,Legion,2010,https://boxd.it/1zVi
2019-12-17,Priest,2011,https://boxd.it/16fM
2019-12-17,The Animatrix,2003,https://boxd.it/qH0
2019-12-18,Circle,2015,https://boxd.it/b5So
2019-12-18,Blade Runner: Black Out 2022,2017,https://boxd.it/h5sM
2019-12-18,Kid's Story,2003,https://boxd.it/1wNg
2019-12-18,A Detective Story,2003,https://boxd.it/1xfO
2019-12-18,Knives Out,2019,https://boxd.it/jWEA
2019-12-19,Wild Hogs,2007,https://boxd.it/1Uok
2019-12-19,The Last Samurai,2003,https://boxd.it/29ZA
2019-12-19,The Outsiders,1983,https://boxd.it/2aPw
2019-12-19,Arthur and the Invisibles,2006,https://boxd.it/1Xm2
2019-12-19,The Spiderwick Chronicles,2008,https://boxd.it/20v2
2019-12-21,Tabernacle 101,2019,https://boxd.it/neka
2019-12-23,I Lost My Body,2019,https://boxd.it/lAYs
2019-12-24,Star Wars: The Rise of Skywalker,2019,https://boxd.it/5xlK
2019-12-25,Police Academy,1984,https://boxd.it/1YWg
2019-12-25,The Happening,2008,https://boxd.it/200o
2019-12-25,The Night Comes for Us,2018,https://boxd.it/g2lc
2019-12-25,Earthquake Bird,2019,https://boxd.it/iAU0
2019-12-26,Underworld,2003,https://boxd.it/2aHs
2019-12-26,The Adventures of Pluto Nash,2002,https://boxd.it/1TdU
2019-12-26,Cheaper by the Dozen 2,2005,https://boxd.it/1Yac
2019-12-27,Marriage Story,2019,https://boxd.it/hJAw
2019-12-27,"Olive, The Other Reindeer",1999,https://boxd.it/1QiM
2019-12-28,Godzilla Against MechaGodzilla,2002,https://boxd.it/1Rwg
2019-12-28,Smiley Face,2007,https://boxd.it/1QG0
2019-12-28,6 Underground,2019,https://boxd.it/irU6
2019-12-30,Cats,2019,https://boxd.it/jydK
2019-12-31,Curfew,2012,https://boxd.it/4VJu
2019-12-31,Limitless,2011,https://boxd.it/Aly
2020-01-03,Bill Burr: Paper Tiger,2019,https://boxd.it/n93I
2020-01-04,The Irishman,2019,https://boxd.it/dYOq
2020-01-10,Shark Tale,2004,https://boxd.it/1VYe
2020-01-12,Bad Boys II,2003,https://boxd.it/1ZuW
2020-01-15,Sinbad: Legend of the Seven Seas,2003,https://boxd.it/1Oa2
2020-01-15,Monsters vs Aliens,2009,https://boxd.it/1M50
2020-01-15,Puss in Boots,2011,https://boxd.it/eL34
2020-01-15,Hearts of Darkness: A Filmmaker's Apocalypse,1991,https://boxd.it/24ai
2020-01-15,Inside Job,2010,https://boxd.it/Rsw
2020-01-15,An Inconvenient Truth,2006,https://boxd.it/289y
2020-01-15,Bowling for Columbine,2002,https://boxd.it/28Ls
2020-01-19,Bad Genius,2017,https://boxd.it/ggpM
2020-01-19,Act of Valor,2012,https://boxd.it/2BCa
2020-01-27,Herbie Fully Loaded,2005,https://boxd.it/1TP0
2020-01-29,The Kid with a Bike,2011,https://boxd.it/5Xc
2020-01-29,"Two Days, One Night",2014,https://boxd.it/6A58
2020-01-29,Batman: Assault on Arkham,2014,https://boxd.it/787M
2020-01-29,"Batman: The Dark Knight Returns, Part 1",2012,https://boxd.it/43Is
2020-01-29,"Batman: The Dark Knight Returns, Part 2",2013,https://boxd.it/4xzg
2020-01-29,Osmosis Jones,2001,https://boxd.it/1RAi
2020-01-29,Serenity,2005,https://boxd.it/1Km4
2020-02-01,1917,2019,https://boxd.it/jj4y
2020-02-13,Horace and Pete,2016,https://boxd.it/eqkS
2020-02-14,The Muppets,2011,https://boxd.it/1zg
2020-02-16,Outsourced,2006,https://boxd.it/20MW
2020-02-18,To All the Boys: P.S. I Still Love You,2020,https://boxd.it/kJny
2020-02-20,Weathering with You,2019,https://boxd.it/kPxE
2020-02-23,Miami Vice,2006,https://boxd.it/2bbW
2020-02-24,Hot Wheels: World Race,2003,https://boxd.it/Lpm
2020-02-25,Public Enemies,2009,https://boxd.it/1U8m
2020-03-06,Cinderella Man,2005,https://boxd.it/29he
2020-03-06,The Da Vinci Code,2006,https://boxd.it/2a3i
2020-03-06,Angels & Demons,2009,https://boxd.it/1Q9K
2020-03-07,Stargate,1994,https://boxd.it/27iu
2020-03-11,TMNT,2007,https://boxd.it/28Xo
2020-03-11,The Grudge 3,2009,https://boxd.it/27IC
2020-03-24,L'Argent,1983,https://boxd.it/XIg
2020-04-02,13 Hours: The Secret Soldiers of Benghazi,2016,https://boxd.it/9yzQ
2020-04-12,Sincerely Louis C.K.,2020,https://boxd.it/pKsO
2020-05-12,Waco,2018,https://boxd.it/gjnO
2020-05-21,The Last Dance,2020,https://boxd.it/pVfc
2020-05-25,Apostle,2018,https://boxd.it/f0so
2020-05-27,Extraction,2020,https://boxd.it/jUjA
2020-05-28,The Wailing,2016,https://boxd.it/9fLy
2020-05-30,War of the Worlds,2005,https://boxd.it/2bde
2020-06-01,Crawl,2019,https://boxd.it/iwYi
2020-06-02,The Fighter,2010,https://boxd.it/PP4
2020-06-03,21 Bridges,2019,https://boxd.it/juea
2020-06-04,Run All Night,2015,https://boxd.it/76p0
2020-06-05,Girls Trip,2017,https://boxd.it/eL4G
2020-06-06,Rat Race,2001,https://boxd.it/1XAo
2020-06-09,Ghosts of Girlfriends Past,2009,https://boxd.it/1RIm
2020-06-09,Superbabies: Baby Geniuses 2,2004,https://boxd.it/1jOA
2020-06-09,The Adventures of Young Indiana Jones: Trenches of Hell,1999,https://boxd.it/6Aks
2020-06-10,Belly,1998,https://boxd.it/1R5Y
2020-06-13,8:46,2020,https://boxd.it/qL5e
2020-06-13,Battle: Los Angeles,2011,https://boxd.it/QIS
2020-06-20,The Fanatic,2019,https://boxd.it/irGI
2020-06-22,Corpse Bride,2005,https://boxd.it/24WQ
2020-06-22,Wallace & Gromit: The Curse of the Were-Rabbit,2005,https://boxd.it/2ac0
2020-06-23,The NeverEnding Story,1984,https://boxd.it/1dE0
2020-06-23,The NeverEnding Story II: The Next Chapter,1990,https://boxd.it/1dza
2020-06-23,Skyline,2010,https://boxd.it/WhS
2020-06-23,Aliens vs Predator: Requiem,2007,https://boxd.it/2ans
2020-06-23,Predators,2010,https://boxd.it/1d9m
2020-06-23,Fantastic Four,2005,https://boxd.it/1XVw
2020-06-23,Fantastic Four: Rise of the Silver Surfer,2007,https://boxd.it/27Ii
2020-06-23,Little Fockers,2010,https://boxd.it/13Ea
2020-06-25,Rocky II,1979,https://boxd.it/28Ua
2020-06-27,Rocky III,1982,https://boxd.it/28Tw
2020-07-06,Rocky IV,1985,https://boxd.it/28T2
2020-07-06,Bicentennial Man,1999,https://boxd.it/2722
2020-07-12,Ted,2012,https://boxd.it/2pgc
2020-07-13,Monsters,2010,https://boxd.it/Tdy
2020-07-14,Force Majeure,2014,https://boxd.it/7UcA
2020-07-18,The French Connection,1971,https://boxd.it/296g
2020-07-28,It's Kind of a Funny Story,2010,https://boxd.it/Tfa
2020-07-28,Ronin,1998,https://boxd.it/20wa
2020-07-29,"Yes, God, Yes",2017,https://boxd.it/eTYM
2020-07-30,Neighbors,2014,https://boxd.it/5Txe
2020-07-30,Cartel Land,2015,https://boxd.it/ahGW
2020-07-30,30 Minutes or Less,2011,https://boxd.it/bRa
2020-07-30,The Insider,1999,https://boxd.it/1ZoE
2020-07-31,Jackass: The Movie,2002,https://boxd.it/1Zo0
2020-07-31,Jackass 3D,2010,https://boxd.it/1KpM
2020-07-31,The Ninth Gate,1999,https://boxd.it/29YM
2020-07-31,Ip Man 3,2015,https://boxd.it/cDqA
2020-08-01,Doodlebug,1997,https://boxd.it/TZC
2020-08-08,Flightplan,2005,https://boxd.it/1YZu
2020-08-09,Battles Without Honor and Humanity,1973,https://boxd.it/1e0q
2020-08-10,American Reunion,2012,https://boxd.it/2qH4
2020-08-11,9,2009,https://boxd.it/1Scm
2020-08-15,Cube,1997,https://boxd.it/2aoU
2020-08-17,Cowboy Bebop,1998,https://boxd.it/ptES
2020-08-19,Sound! Euphonium the Movie – Welcome to the Kitauji High School Concert Band,2016,https://boxd.it/cZio
2020-08-19,High School of the Dead: Drifters of the Dead,2011,https://boxd.it/66ja
2020-08-19,Project Power,2020,https://boxd.it/ml8S
2020-08-19,Peninsula,2020,https://boxd.it/lnrU
2020-08-21,Australian Psycho,2016,https://boxd.it/eo1k
2020-08-23,Saw,2004,https://boxd.it/2aWW
2020-08-23,Saw 3D,2010,https://boxd.it/Znk
2020-08-24,Saw II,2005,https://boxd.it/2aRs
2020-08-25,Lakeview Terrace,2008,https://boxd.it/1Qv2
2020-08-25,Three… Extremes,2004,https://boxd.it/1eGw
2020-08-26,Devilman Crybaby,2018,https://boxd.it/muwa
2020-08-26,Pandorum,2009,https://boxd.it/1Eo4
2020-08-27,Eragon,2006,https://boxd.it/26Fs
2020-08-29,Blood Beat,1983,https://boxd.it/2ZPi
2020-08-30,"Electric Boogaloo: The Wild, Untold Story of Cannon Films",2014,https://boxd.it/8HoU
2020-08-30,Grand Piano,2013,https://boxd.it/6xyQ
2020-08-30,Gurren Lagann,2007,https://boxd.it/p8SE
2020-08-30,Daredevil,2003,https://boxd.it/1YzG
2020-08-31,Prince of Persia: The Sands of Time,2010,https://boxd.it/1YpQ
2020-09-01,Pulse,2001,https://boxd.it/1s3y
2020-09-02,Top Five,2014,https://boxd.it/8NhU
2020-09-02,The Nightmare Before Christmas,1993,https://boxd.it/1YzQ
2020-09-02,Afro Samurai,2007,https://boxd.it/a6W
2020-09-02,ERASED,2016,https://boxd.it/px1A
2020-09-02,Mike and Dave Need Wedding Dates,2016,https://boxd.it/aciK
2020-09-03,Comedy Central Roast of Charlie Sheen,2011,https://boxd.it/9nxO
2020-09-03,Jack and Jill,2011,https://boxd.it/2pQu
2020-09-03,Samurai Champloo,2004,https://boxd.it/o8go
2020-09-03,Terror in Resonance,2014,https://boxd.it/py6m
2020-09-03,I Am Number Four,2011,https://boxd.it/MXY
2020-09-03,Millions,2004,https://boxd.it/1QjK
2020-09-03,Pocahontas,1995,https://boxd.it/1W2g
2020-09-03,The Hurt Locker,2008,https://boxd.it/1Soi
2020-09-03,Pirates of the Caribbean: Dead Man's Chest,2006,https://boxd.it/2bfk
2020-09-03,Pirates of the Caribbean: At World's End,2007,https://boxd.it/2aGu
2020-09-03,Superman Returns,2006,https://boxd.it/28J2
2020-09-03,Neon Genesis Evangelion,1995,https://boxd.it/ptEI
2020-09-04,Flyboys,2006,https://boxd.it/1Y6E
2020-09-04,Corman's World,2011,https://boxd.it/oJe
2020-09-04,Mission: Impossible,1996,https://boxd.it/29d2
2020-09-04,Dragon Ball Z: Battle of Gods,2013,https://boxd.it/4a0C
2020-09-05,The Master of Disguise,2002,https://boxd.it/1Pai
2020-09-06,Battles Without Honor and Humanity: Deadly Fight in Hiroshima,1973,https://boxd.it/xF6
2020-09-06,Pink Floyd: The Wall,1982,https://boxd.it/1Sxk
2020-09-07,A Midsummer Night's Dream,1999,https://boxd.it/1WOu
2020-09-07,Lilo & Stitch,2002,https://boxd.it/1TAY
2020-09-07,Lilo & Stitch 2: Stitch Has a Glitch,2005,https://boxd.it/1CXw
2020-09-07,Leroy & Stitch,2006,https://boxd.it/1C76
2020-09-07,The Polar Express,2004,https://boxd.it/23am
2020-09-07,Big Momma's House,2000,https://boxd.it/1YgO
2020-09-07,Open Season,2006,https://boxd.it/20U2
2020-09-08,Beat the Devil,2002,https://boxd.it/Ada
2020-09-09,I'm Thinking of Ending Things,2020,https://boxd.it/i4IQ
2020-09-10,Jeepers Creepers,2001,https://boxd.it/1ZAg
2020-09-10,Grown Ups,2010,https://boxd.it/169a
2020-09-10,Just Go with It,2011,https://boxd.it/Doq
2020-09-10,Tower Heist,2011,https://boxd.it/iQI
2020-09-10,The Ant Bully,2006,https://boxd.it/1XyM
2020-09-10,The Sorcerer's Apprentice,2010,https://boxd.it/1sGg
2020-09-12,Hulk,2003,https://boxd.it/27PS
2020-09-12,Hoodwinked!,2005,https://boxd.it/1UVS
2020-09-12,Around the World in 80 Days,2004,https://boxd.it/1WPs
2020-09-13,The Naked Gun: From the Files of Police Squad!,1988,https://boxd.it/18YE
2020-09-17,Pitch Perfect 2,2015,https://boxd.it/7tNa
2020-09-19,Street Fighter,1994,https://boxd.it/1ThW
2020-09-21,The Killing,1956,https://boxd.it/2aMi
2020-09-21,Jumanji,1995,https://boxd.it/1ZLI
2020-09-23,Mars Attacks!,1996,https://boxd.it/2bd4
2020-09-23,Gemini Man,2019,https://boxd.it/gaUu
2020-09-23,Agent Cody Banks,2003,https://boxd.it/1V4g
2020-09-23,The Sunset Limited,2011,https://boxd.it/o8M
2020-09-29,The Babysitter,2017,https://boxd.it/eP1w
2020-09-29,Blackhat,2015,https://boxd.it/62Te
2020-09-30,Diary of a Wimpy Kid,2010,https://boxd.it/1fUa
2020-09-30,Diary of a Wimpy Kid: Rodrick Rules,2011,https://boxd.it/gm2
2020-09-30,The Man from Nowhere,2010,https://boxd.it/AZy
2020-09-30,"Bo Burnham: Words, Words, Words",2010,https://boxd.it/JA8
2020-09-30,The Babysitter: Killer Queen,2020,https://boxd.it/n4VA
2020-10-02,The SpongeBob Movie: Sponge Out of Water,2015,https://boxd.it/6JxU
2020-10-02,Jimmy Neutron: Boy Genius,2001,https://boxd.it/1RDm
2020-10-02,Curious George,2006,https://boxd.it/1Xos
2020-10-02,City of God,2002,https://boxd.it/2a2a
2020-10-03,Red Hook,2009,https://boxd.it/1fOQ
2020-10-03,Nanny McPhee,2005,https://boxd.it/1Uek
2020-10-04,Rosemary's Baby,1968,https://boxd.it/29zM
2020-10-06,12 Rounds,2009,https://boxd.it/1J9e
2020-10-08,Treasure Planet,2002,https://boxd.it/1Znm
2020-10-08,Jarhead,2005,https://boxd.it/70m
2020-10-11,The Haunted Mansion,2003,https://boxd.it/1Vtq
2020-10-12,Inside,2007,https://boxd.it/1QqG
2020-10-12,Bram Stoker's Dracula,1992,https://boxd.it/223a
2020-10-17,Evil Eye,2020,https://boxd.it/rtyY
2020-10-17,Killer Tongue,1996,https://boxd.it/1aWq
2020-10-18,Shooter,2007,https://boxd.it/20TS
2020-10-19,Long-Haired Hare,1949,https://boxd.it/Fi
2020-10-19,Feed the Kitty,1952,https://boxd.it/2WDy
2020-10-31,The Invitation,2015,https://boxd.it/9OUU
2020-11-11,A Better Tomorrow,1986,https://boxd.it/1TLW
2020-11-11,Death Wish,1974,https://boxd.it/1P5i
2020-11-12,Doomsday,2008,https://boxd.it/1Q8s
2020-11-12,A Better Tomorrow II,1987,https://boxd.it/1HbW
2020-11-13,Altitude,2010,https://boxd.it/Rmo
2020-11-13,The Warrior's Way,2010,https://boxd.it/MY8
2020-11-14,Mission: Impossible II,2000,https://boxd.it/29cS
2020-11-15,Urotsukidōji: Legend of the Overfiend,1989,https://boxd.it/I1c
2020-11-15,Bullet in the Head,1990,https://boxd.it/1SNs
2020-11-21,Nimic,2019,https://boxd.it/n10Q
2020-11-22,The Dreamers,2003,https://boxd.it/28X4
2020-11-24,Hard Target,1993,https://boxd.it/27Ck
2020-11-24,Doctor Who: The Day of the Doctor,2013,https://boxd.it/a4Bk
2020-11-25,Battles Without Honor and Humanity: Proxy War,1973,https://boxd.it/xVe
2020-11-25,Battles Without Honor and Humanity: Police Tactics,1974,https://boxd.it/xFg
2020-11-25,Battles Without Honor and Humanity: Final Episode,1974,https://boxd.it/rU
2020-11-26,Pitch Black,2000,https://boxd.it/26iS
2020-11-27,Event Horizon,1997,https://boxd.it/20d8
2020-11-29,Con Air,1997,https://boxd.it/28gO
2020-12-01,Total Recall,1990,https://boxd.it/29qK
2020-12-02,Tenet,2020,https://boxd.it/leq4
2020-12-03,The Devil All the Time,2020,https://boxd.it/i2tY
2020-12-03,Southern Comfort,1981,https://boxd.it/1RMI
2020-12-05,Twin Peaks,1989,https://boxd.it/g8pk
2020-12-06,Euphoria: Trouble Don't Last Always,2020,https://boxd.it/ta4a
2020-12-10,The Ghost Writer,2010,https://boxd.it/1TQW
2020-12-11,Patrice O'Neal: One-Night Stand,2005,https://boxd.it/ot2M
2020-12-12,Fudoh: The New Generation,1996,https://boxd.it/1aUE
2020-12-15,Lost Highway,1997,https://boxd.it/29Wc
2020-12-15,Three Colours: Blue,1993,https://boxd.it/2b7K
2020-12-16,King of New York,1990,https://boxd.it/1Ynq
2020-12-17,"The Good, the Bad and the Ugly",1966,https://boxd.it/2ape
2020-12-18,Once Upon a Time in the West,1968,https://boxd.it/2az4
2020-12-19,Murder on the Orient Express,1974,https://boxd.it/24IY
2020-12-20,Clue,1985,https://boxd.it/1MDQ
2020-12-20,The Monster Squad,1987,https://boxd.it/1Q1w
2020-12-21,Days of Thunder,1990,https://boxd.it/27os
2020-12-21,What's Eating Gilbert Grape,1993,https://boxd.it/28xg
2020-12-21,Congo,1995,https://boxd.it/1WwU
2020-12-22,Apollo 13,1995,https://boxd.it/2a6G
2020-12-22,Hard Eight,1996,https://boxd.it/20DU
2020-12-22,Beavis and Butt-Head Do America,1996,https://boxd.it/25zo
2020-12-23,The Virgin Suicides,1999,https://boxd.it/28JG
2020-12-23,Cyberbully,2011,https://boxd.it/2syS
2020-12-23,Wizards on Deck with Hannah Montana,2009,https://boxd.it/2HCU
2020-12-24,Bringing Out the Dead,1999,https://boxd.it/1ZZK
2020-12-24,Galaxy Quest,1999,https://boxd.it/29gq
2020-12-24,The Original Kings of Comedy,2000,https://boxd.it/1yZy
2020-12-26,Spy Game,2001,https://boxd.it/28Fk
2020-12-26,The Machinist,2004,https://boxd.it/248c
2020-12-29,The Boxer's Omen,1983,https://boxd.it/Gx6
2020-12-29,The Limey,1999,https://boxd.it/1Woc
2020-12-29,Hustle & Flow,2005,https://boxd.it/1Wau
2020-12-31,Barnyard,2006,https://boxd.it/1XyC
2021-01-01,Red Eye,2005,https://boxd.it/1TNy
2021-01-03,Soul,2020,https://boxd.it/ioLA
2021-01-17,Saturday Night Fever,1977,https://boxd.it/1URQ
2021-01-17,The 36th Chamber of Shaolin,1978,https://boxd.it/1SXC
2021-01-18,Logan Lucky,2017,https://boxd.it/dZrs
2021-01-19,Predator 2,1990,https://boxd.it/2aY4
2021-01-19,Blue Steel,1990,https://boxd.it/1YxU
2021-01-20,Hot Rod,2007,https://boxd.it/1X9C
2021-01-23,The Assassination of Jesse James by the Coward Robert Ford,2007,https://boxd.it/24dG
2021-01-24,Killing Them Softly,2012,https://boxd.it/IQ
2021-01-25,Universal Soldier: Regeneration,2009,https://boxd.it/1pqk
2021-01-29,Accident,2009,https://boxd.it/1vKq
2021-01-30,Euphoria: F*ck Anyone Who’s Not a Sea Blob,2021,https://boxd.it/tMkU
2021-01-30,"Aguirre, the Wrath of God",1972,https://boxd.it/27Fe
2021-02-02,Cruising,1980,https://boxd.it/1qzW
2021-02-03,Paradox,2017,https://boxd.it/g8GU
2021-02-09,Pay It Forward,2000,https://boxd.it/1VJI
2021-02-10,Rio Bravo,1959,https://boxd.it/2aE4
2021-02-10,Throw Down,2004,https://boxd.it/1vme
2021-02-12,Canned Feud,1951,https://boxd.it/4DDS
2021-02-15,Nosferatu,1922,https://boxd.it/29TM
2021-02-17,48 Hrs.,1982,https://boxd.it/2b18
2021-02-17,Eddie Murphy: Delirious,1983,https://boxd.it/1Mzk
2021-02-17,Eddie Murphy Raw,1987,https://boxd.it/1J6a
2021-02-17,Beverly Hills Cop,1984,https://boxd.it/2baE
2021-02-18,Beverly Hills Cop II,1987,https://boxd.it/2b9G
2021-02-18,Easy Rider,1969,https://boxd.it/29Ys
2021-02-19,Bad Lieutenant,1992,https://boxd.it/1Src
2021-02-20,The Girl with the Dragon Tattoo,2011,https://boxd.it/2Pa
2021-02-20,Trees Lounge,1996,https://boxd.it/1qQ4
2021-02-23,Daddy Day Care,2003,https://boxd.it/1VAw
2021-02-23,Pickup on South Street,1953,https://boxd.it/1uLM
2021-02-24,Gran Torino,2008,https://boxd.it/1Qzy
2021-02-24,Coming to America,1988,https://boxd.it/1Ygu
2021-02-25,Dave Chappelle: Unforgiven,2020,https://boxd.it/sXGU
2021-02-27,Steins;Gate,2011,https://boxd.it/psNE
2021-02-28,DodgeBall: A True Underdog Story,2004,https://boxd.it/1YAY
2021-02-28,Twin Dragons,1992,https://boxd.it/1GmE
2021-03-01,Wolf Warrior,2015,https://boxd.it/b4Wk
2021-03-01,First Blood,1982,https://boxd.it/28U0
2021-03-02,Once Upon a Time in America,1984,https://boxd.it/2aCs
2021-03-03,The Age of Innocence,1993,https://boxd.it/1WgM
2021-03-03,Boogie Nights,1997,https://boxd.it/23um
2021-03-04,The Heroic Trio,1993,https://boxd.it/TYu
2021-03-05,Project A,1983,https://boxd.it/1BLY
2021-03-06,Wheels on Meals,1984,https://boxd.it/1Unm
2021-03-06,"Yes, God, Yes",2019,https://boxd.it/jaGS
2021-03-09,The Tale of Despereaux,2008,https://boxd.it/1WQg
2021-03-11,The Hunt for Red October,1990,https://boxd.it/28lk
2021-03-11,Tombstone,1993,https://boxd.it/1SE6
2021-03-13,Femme Fatale,2002,https://boxd.it/1Z4Y
2021-03-13,"Mickey, Donald, Goofy: The Three Musketeers",2004,https://boxd.it/1BZc
2021-03-13,Carlito's Way,1993,https://boxd.it/226e
2021-03-14,Donnie Brasco,1997,https://boxd.it/1YRA
2021-03-14,Greenland,2020,https://boxd.it/j1Um
2021-03-16,Liar Liar,1997,https://boxd.it/28sg
2021-03-18,Chris Rock: Bigger & Blacker,1999,https://boxd.it/1HX2
2021-03-18,Chris Rock: Bring the Pain,1996,https://boxd.it/1HwK
2021-03-18,The Big Bird Cage,1972,https://boxd.it/1zTw
2021-03-19,Zack Snyder's Justice League,2021,https://boxd.it/tLOk
2021-03-25,L.A. Confidential,1997,https://boxd.it/27oC
2021-04-04,Godzilla vs. Kong,2021,https://boxd.it/e0qK
2021-04-16,The Godfather: Part III,1990,https://boxd.it/2aN6
2021-04-17,Eastern Condors,1987,https://boxd.it/2c48
2021-04-18,Nobody,2021,https://boxd.it/mLqS
2021-04-19,Man Bites Dog,1992,https://boxd.it/1X7Q
2021-04-19,Lady Snowblood,1973,https://boxd.it/26Fi
2021-04-21,Southbound,2015,https://boxd.it/bX3Y
2021-04-23,Full Contact,1992,https://boxd.it/1sAC
2021-04-23,The Driver,1978,https://boxd.it/27jW
2021-04-25,One Flew Over the Cuckoo's Nest,1975,https://boxd.it/2aeA
2021-04-25,First Love,2019,https://boxd.it/m0iC
2021-04-30,Mortal Kombat,2021,https://boxd.it/gswA
2021-05-01,The Seventh Seal,1957,https://boxd.it/2ahO
2021-05-05,Scream for Help,1984,https://boxd.it/2ZPM
2021-05-06,Green Book,2018,https://boxd.it/hErk
2021-05-10,A History of Violence,2005,https://boxd.it/2bfa
2021-05-21,King Arthur: Legend of the Sword,2017,https://boxd.it/8lDS
2021-06-27,Forgetting Sarah Marshall,2008,https://boxd.it/1XEq
2021-07-02,Black Snake Moan,2006,https://boxd.it/20KQ
2021-07-06,Unhinged,2020,https://boxd.it/najM
2021-07-17,Space Jam: A New Legacy,2021,https://boxd.it/dd9A
2021-07-24,The Adventures of Baron Munchausen,1988,https://boxd.it/1NXs
2021-07-28,Big Trouble in Little China,1986,https://boxd.it/21em
2021-08-08,Fate/stay night: Heaven's Feel I. Presage Flower,2017,https://boxd.it/8Mx8
2021-08-08,The Suicide Squad,2021,https://boxd.it/fw6O
2021-08-24,"Love, Rosie",2014,https://boxd.it/62hE
2021-08-29,The Witcher: Nightmare of the Wolf,2021,https://boxd.it/oNDI
2021-09-12,Phase IV,1974,https://boxd.it/iDY
2021-09-13,We Need to Talk About Kevin,2011,https://boxd.it/2pTS
2021-09-17,Straw Dogs,1971,https://boxd.it/2982
2021-09-19,Zeitgeist,2007,https://boxd.it/1R0Y
2021-10-25,Dune,2021,https://boxd.it/fA7G
2021-10-29,Last Night in Soho,2021,https://boxd.it/lbJC
2021-11-15,The Standoff at Sparrow Creek,2018,https://boxd.it/iJ9M
2021-11-28,The Mitchells vs. The Machines,2021,https://boxd.it/i7xm
2021-12-20,Darkman,1990,https://boxd.it/1YnK
2022-01-18,Journey to the West: Conquering the Demons,2013,https://boxd.it/5gxu
2022-01-18,The Matrix Resurrections,2021,https://boxd.it/n87k
2022-01-24,Golden Boy,1995,https://boxd.it/1oZe
2022-02-01,Female Prisoner Scorpion: Jailhouse 41,1972,https://boxd.it/1326
2022-02-05,Dogma,1999,https://boxd.it/284e
2022-02-06,Yesterday,2019,https://boxd.it/iF7M
2022-02-15,Spider-Man: No Way Home,2021,https://boxd.it/nwRw
2022-02-16,Jackass Forever,2022,https://boxd.it/opUg
2022-03-01,The Big Short,2015,https://boxd.it/ajZw
2022-03-20,The Death of Dick Long,2019,https://boxd.it/kIoA
2022-03-26,Smiling Friends,2020,https://boxd.it/pKrc
2022-03-31,Patrice O'Neal: Live!,2002,https://boxd.it/uPaU
2022-04-11,Balls of Fury,2007,https://boxd.it/1XTK
2022-04-12,G-Force,2009,https://boxd.it/1ETc
2022-04-22,The Batman,2022,https://boxd.it/eDGs
2022-05-25,Le Samouraï,1967,https://boxd.it/22ZI
2022-06-14,Falling Down,1993,https://boxd.it/194M
2022-06-14,White Men Can't Jump,1992,https://boxd.it/1WWy
2022-06-14,The Northman,2022,https://boxd.it/nK2s
2022-06-14,The Millionaires' Express,1986,https://boxd.it/hsU
2022-06-14,Chungking Express,1994,https://boxd.it/1UDa
2022-06-18,Near Dark,1987,https://boxd.it/1SRO
2022-06-19,Theorem,1968,https://boxd.it/237C
2022-07-05,Midnight Mass,2021,https://boxd.it/wvVA
2022-07-05,The Empty Man,2020,https://boxd.it/iIWS
2022-07-05,The Deer Hunter,1978,https://boxd.it/1T6O
2022-07-05,Universal Soldier: Day of Reckoning,2012,https://boxd.it/433O
2022-07-05,Exiled,2006,https://boxd.it/1Pn2
2022-07-06,Top Gun: Maverick,2022,https://boxd.it/cjr4
2022-07-20,Blue Velvet,1986,https://boxd.it/29BI
2022-07-20,To Live and Die in L.A.,1985,https://boxd.it/1XFo
2022-08-14,Limbo,2021,https://boxd.it/lLRW
2022-08-16,Truck Turner,1974,https://boxd.it/1B1c
2022-08-18,Look Both Ways,2022,https://boxd.it/ujzI
2022-08-18,Who Framed Roger Rabbit,1988,https://boxd.it/29ry
2022-08-22,Magic Mike's Last Dance,2023,https://boxd.it/y9g0
2022-09-01,Flash Point,2007,https://boxd.it/1bNu
2022-09-03,Coffy,1973,https://boxd.it/1Bao
2022-09-04,Riddick,2013,https://boxd.it/35Jq
2022-09-06,Mississippi Burning,1988,https://boxd.it/28r8
2022-09-07,Dark Waters,2019,https://boxd.it/kaYu
2022-09-07,The Invisible Man,2020,https://boxd.it/kWlA
2022-09-09,Highlander,1986,https://boxd.it/20GE
2022-09-09,Piranha 3D,2010,https://boxd.it/U5q
2022-09-11,Too Old to Die Young,2019,https://boxd.it/mwtW
2022-09-12,Bronson,2008,https://boxd.it/1GM8
2022-09-13,Flowers for Algernon,2000,https://boxd.it/1o7w
2022-09-14,The Blackout,1997,https://boxd.it/1vjk
2022-09-14,Vampires Suck,2010,https://boxd.it/125y
2022-09-14,One Hour Photo,2002,https://boxd.it/1YT2
2022-09-15,Death Note,2006,https://boxd.it/psEs
2022-09-20,Red State,2011,https://boxd.it/I9g
2022-09-22,Basket Case,1982,https://boxd.it/1qV4
2022-09-23,Phenomena,1985,https://boxd.it/1o4s
2022-09-23,Dead or Alive,1999,https://boxd.it/1U9u
2022-09-24,Versus,2000,https://boxd.it/22uK
2022-09-27,Bo Burnham: Inside,2021,https://boxd.it/v2uy
2022-10-03,Malignant,2021,https://boxd.it/mViE
2022-10-04,Lake Mungo,2008,https://boxd.it/1rWM
2022-10-08,Deadstream,2022,https://boxd.it/xryY
2022-10-09,Bedevilled,2010,https://boxd.it/2iWK
2022-10-12,Gandhi,1982,https://boxd.it/29Dk
2022-10-24,Men,2022,https://boxd.it/tlc0
2022-10-24,Dark City,1998,https://boxd.it/26uk
2022-10-28,Trash Humpers,2009,https://boxd.it/Mki
2022-10-29,The Sentinel,1977,https://boxd.it/1HoG
2022-10-29,The Royal Tenenbaums,2001,https://boxd.it/1YHU
2022-11-05,Rush Hour,1998,https://boxd.it/27pU
2022-11-09,The Banshees of Inisherin,2022,https://boxd.it/p7XS
2022-12-10,Death at a Funeral,2007,https://boxd.it/27dO
2022-12-22,Don't Worry Darling,2022,https://boxd.it/mViu
2022-12-22,Avatar: The Way of Water,2022,https://boxd.it/2E2E
2022-12-23,Brain Damage,1988,https://boxd.it/1qUU
2022-12-23,The Cell,2000,https://boxd.it/1ZLS
2022-12-23,Wild Things,1998,https://boxd.it/29Zq
2022-12-29,The Fabelmans,2022,https://boxd.it/ugoM
2022-12-30,Fantastic Planet,1973,https://boxd.it/1KnQ
2023-01-17,Hellraiser,1987,https://boxd.it/1Zpi
2023-01-21,London Has Fallen,2016,https://boxd.it/814o
2023-01-22,Barbarian,2022,https://boxd.it/yohi
2023-01-22,Nope,2022,https://boxd.it/sDCe
2023-01-23,Puss in Boots: The Last Wish,2022,https://boxd.it/aaie
2023-01-25,Elite Squad,2007,https://boxd.it/20YI
2023-01-29,Everything Everywhere All at Once,2022,https://boxd.it/jUk4
2023-01-30,The Graduate,1967,https://boxd.it/18Im
2023-01-31,The Menu,2022,https://boxd.it/lScm
2023-02-04,The Outlaws,2017,https://boxd.it/hewo
2023-02-05,Child's Play,1988,https://boxd.it/1VTo
2023-02-12,Ambulance,2022,https://boxd.it/sFxg
2023-02-15,Step Brothers,2008,https://boxd.it/1SsE
2023-02-19,Midnight Run,1988,https://boxd.it/1ZnQ
2023-02-20,Three Thousand Years of Longing,2022,https://boxd.it/kmoy
2023-02-24,Riki-Oh: The Story of Ricky,1991,https://boxd.it/1IDs
2023-02-26,Dreams,1990,https://boxd.it/1ROu
2023-03-02,Operation Avalanche,2016,https://boxd.it/d5ei
2023-03-19,Idiocracy,2006,https://boxd.it/20RW
2023-04-03,John Wick: Chapter 4,2023,https://boxd.it/mh48
2023-04-13,Moulin Rouge!,2001,https://boxd.it/29wI
2023-04-30,The Killer,1989,https://boxd.it/1Vha
2023-04-30,Happy Together,1997,https://boxd.it/1Ha0
2023-05-05,Speed Racer,2008,https://boxd.it/20UQ
2023-05-10,The Strange Thing About the Johnsons,2011,https://boxd.it/56nO
2023-05-14,The Seventh Curse,1986,https://boxd.it/12XA
2023-05-16,Hamilton,2020,https://boxd.it/kmvE
2023-05-22,Jack,2004,https://boxd.it/5yUw
2023-05-22,Daimajin,1966,https://boxd.it/1oXM
2023-05-22,Star Wars: Clone Wars,2003,https://boxd.it/GGbS
2023-05-28,Barbarella,1968,https://boxd.it/20Ba
2023-05-28,Titane,2021,https://boxd.it/nlQC
2023-05-28,Excalibur,1981,https://boxd.it/1TDI
2023-06-04,"Faster, Pussycat! Kill! Kill!",1965,https://boxd.it/2aBO
2023-06-04,Ms .45,1981,https://boxd.it/1AWG
2023-06-09,Thanksgiving,2007,https://boxd.it/ct40
2023-06-10,But I'm a Cheerleader,1999,https://boxd.it/1CW4
2023-06-10,Reign of Fire,2002,https://boxd.it/21QA
2023-06-13,TPB AFK: The Pirate Bay - Away from Keyboard,2013,https://boxd.it/E1M
2023-06-21,A Christmas Carol,2009,https://boxd.it/1HKW
2023-06-26,Daisies,1966,https://boxd.it/LZk
2023-06-29,Extraction 2,2023,https://boxd.it/q4Zo
2023-07-13,Sanctuary,2022,https://boxd.it/wPKW
2023-07-16,Walk Hard: The Dewey Cox Story,2007,https://boxd.it/21wK
2023-07-16,Shogun Assassin,1980,https://boxd.it/1MM4
2023-07-19,Babylon A.D.,2008,https://boxd.it/1YPk
2023-07-20,Mission: Impossible – Dead Reckoning Part One,2023,https://boxd.it/l7zS
2023-07-24,Oppenheimer,2023,https://boxd.it/wUow
2023-07-26,Barbie,2023,https://boxd.it/bCLK
2023-08-01,Prehysteria!,1993,https://boxd.it/2LwQ
2023-08-09,Pineapple Express,2008,https://boxd.it/1WRS
2023-08-11,Meg 2: The Trench,2023,https://boxd.it/mLvo
2023-08-11,The First Slam Dunk,2022,https://boxd.it/tt94
2023-08-19,Man on Fire,2004,https://boxd.it/1Yvk
2023-09-02,Borsalino,1970,https://boxd.it/1w7Y
2023-09-04,Viy,1967,https://boxd.it/nd2
2023-09-04,Jungle Fever,1991,https://boxd.it/28fG
2023-09-13,Firebase,2017,https://boxd.it/gAQy
2023-09-14,Apocalypse Now,1979,https://boxd.it/6ZS
2023-09-17,Death Race 2000,1975,https://boxd.it/1QuI
2023-09-26,Don't Let the Riverbeast Get You!,2012,https://boxd.it/8iQY
2023-09-26,Cherry 2000,1987,https://boxd.it/1Lx8
2023-10-09,TÁR,2022,https://boxd.it/uNIA
2023-10-16,Sleepwalkers,1992,https://boxd.it/1TRA
